name,wins,losses,ufc_loses,KO/TKO,Submission,Unanimous Decision,Majority Decision,Split Decision,No Contest,Losses
Tom Aaron,5,3
Danny Abbadi,4,6
Nariman Abbasov,28,4
David Abbott,10,15
Hamdy Abdelwahab,5,0
Shamil Abdurakhimov,20,8
Hiroyuki Abe,8,15
Daichi Abe,6,2
Papy Abedi,10,4
Ricardo Abreu,5,1
Klidson Abreu,15,4
Cyborg Abreu,0,0
Daniel Acacio,30,18
John Adajar,6,2
Scott Adams,8,1
Juan Adams,5,3
Anthony Adams,8,2
Zarrukh Adashev,4,4
Israel Adesanya,24,3
Sam Adkins,7,20
Nick Agallar,24,6
Mariya Agapova,10,4
Marcelo Aguiar,2,3
Fabio Aguiar,17,1
Edwin Aguilar,26,19
Jessica Aguilar,20,8
Kevin Aguilar,17,5
Jesus Aguilar,10,2
Christian Aguilera,14,8
Nick Aguirre,7,2
Mike Aina,14,6
Ashiek Ajim,6,2
Hitomi Akano,18,10
Omari Akhmedov,21,6
Yoshihiro Akiyama,14,6
Rostem Akman,6,2
Razak Al-Hassan,13,5
Abdul-Kareem Al-Selwady,15,4
Mostapha Al-Turk,6,6
Herdem Alacabek,5,1
Javi Alanis,0,4
Alatengheili,16,9
Amir Albazi,17,1
Brett Albee,3,2
John Albert,6,5
Junior Albini,14,6
Wes Albritton,0,1
Aleksandra Albu,3,2
Israel Albuquerque,0,3
Juan Alcain,1,2
Iuri Alcantara,35,10
Ildemar Alcantara,21,11
Alfonso Alcarez,1,3
Gilbert Aldana,6,2
Irene Aldana,15,7
Hector Aldana,4,3
Jose Alday,14,6
Jose Aldo,31,8
JJ Aldrich,13,6
Irina Alekseeva,5,2
Talita Alencar,5,0
Jim Alers,13,3
John Alessio,35,17
Houston Alexander,17,15
Kenneth Alexander,7,6
Lucas Alexander,8,4
Marcio Alexandre Junior,17,4
Olaf Alfonso,8,12
Pablo Alfonso,9,7
Levi Alford,1,7
Bill Algeo,18,7
Royce Alger,3,2
Amir Aliakbari,10,1
Sultan Aliev,15,3
Nurullo Aliev,9,0
Ikram Aliskerov,15,1
Leon Aliu,10,2
John Allan,13,7
George Allen,13,19
Arnold Allen,19,3
Brendan Allen,23,5
Daniel Allen,5,0
Ben Alloway,18,8
Asu Almabayev,18,2
Ricardo Almeida,13,5
Magno Almeida,10,3
Thomas Almeida,22,5
Ericka Almeida,7,3
Estefani Almeida,7,3
Jailton Almeida,20,2
Lucas Almeida,14,3
Cesar Almeida,4,0
Mauricio Alonso,13,7
Sarah Alpar,9,6
Ali AlQaisi,8,5
Rico Altamirano,4,3
Victor Altamirano,12,4
Mike Altman,1,4
Patricia Alujas,9,3
Sean Alvarez,4,3
Eddie Alvarez,29,6
Jaime Alvarez,6,1
Joel Alvarez,20,3
Thiago Alves,23,15
Anthony Alves,1,4
Amilcar Alves,15,12
Warlley Alves,15,7
Rafael Alves,20,12
Sam Alvey,33,18
Andre Amado,6,4
Adlan Amagov,14,2
Maiara Amanajas dos Santos,7,3
Rayanne Amanda,14,7
Chris Amarante,2,0
Jimmy Ambriz,17,21
JJ Ambrose,28,7
Alen Amedovski,8,4
Hyder Amil,9,0
Makwan Amirkhani,17,9
Jaqueline Amorim,7,1
Bertrand Amoussou,1,1
Karl Amoussou,27,7
Eryk Anders,16,8
Matt Andersen,14,8
Andy Anderson,0,1
Lowell Anderson,0,1
Corey Anderson,14,5
Derek Anderson,14,3
Megan Anderson,11,5
Tatsuya Ando,13,3
Alex Andrade,10,5
Jessica Andrade,25,12
Viscardi Andrade,19,6
Jermaine Andre,14,4
Juan Andres Luna,12,1
Fellipe Andrew,0,0
Dylan Andrews,18,7
Reese Andy,7,3
Angga,13,3
Julius Anglickas,5,1
Collin Anglin,8,3
Chad Anheliger,12,7
Yoji Anjo,0,5
Magomed Ankalaev,19,1
Gadzhimurad Antigulov,20,8
Adam Antolin,12,3
Angelo Antonio,1,4
Azunna Anyanwu,14,5
Shinsho Anzai,10,3
Shinya Aoki,39,7
Aoriqileng,25,10
Josh Appelt,15,7
Erik Apple,10,3
Kenji Arai,15,15
Romie Aram,7,1
Felipe Arantes,18,10
Igor Araujo,25,9
Viviane Araujo,12,6
Julio Arce,18,6
Art Arciniega,15,7
Tristan Arenal,7,4
Gabriel Arges,0,0
Dan Argueta,9,1
Reza Arianto,5,0
Hashem Arkhagha,6,1
Andrei Arlovski,34,23
Garrett Armfield,10,3
Joey Armstrong,5,2
Austin Arnett,16,6
Ricardo Arona,14,5
Eli Aronov,6,1
Chalid Arrab,7,3
Akbarh Arreola,23,11
Matt Arroyo,3,3
Antonio Arroyo,9,5
Gilles Arsene,1,1
Veta Arteaga,3,1
Cesar Arzamendia,8,3
Teddy Ash,14,5
Arman Ashimov,11,3
Yanal Ashmouz,7,1
Asjabharan,7,6
Askar Askar,11,1
Askar Askarov,14,1
Cyril Asker,9,4
Khusein Askhabov,23,1
Scott Askham,14,4
Ben Askren,19,2
Ibo Aslan,12,1
Tom Aspinall,14,3
Bruno Assis,8,4
Junior Assuncao,16,6
Raphael Assuncao,28,10
Bazigit Atajev,17,1
Rich Attonito,10,5
Olivier Aubin-Mercier,11,5
Pat Audinwood,11,2
Jose Augusto,6,2
Marcus Aurelio,22,10
David Avellan,2,1
Blas Avena,8,7
Levi Avera,18,15
Anthony Avila,13,5
Chris Avila,5,4
Julia Avila,9,3
Saad Awad,20,9
Javy Ayala,10,5
Jessin Ayari,16,6
Abu Azaitar,14,4
Ottman Azaitar,13,2
Luiz Azeredo,15,10
Luciano Azevedo,17,9
Hunter Azure,9,2
Niklas Backstrom,11,3
Seth Baczynski,20,14
Abdul Azeem Badakhshi,13,3
Ryan Bader,23,5
Izabela Badurek,6,3
Miguel Baeza,10,3
Ali Bagautinov,15,6
Mehdi Baghdad,11,5
Melsik Baghdasaryan,8,2
Siyar Bahadurzada,24,8
Ignacio Bahamondes,14,5
Bahatebole Batebolati,8,1
Shamar Bailey,16,11
Jordan Bailey,6,3
Scott Baker,1,1
Bryan Baker,18,5
Jin Bala,23,3
Balajin,23,4
Oluwale Bamgbose,6,4
Stephen Banaszak,5,5
Marcin Bandel,15,7
Humberto Bandenay,14,7
Tae Hyun Bang,18,10
Yohan Banks,2,1
Shauna Bannon,5,1
Antonio Banuelos,20,11
Renan Barao,34,9
Junior Barata,9,3
Maycee Barber,13,2
Bryan Barberena,18,11
Dione Barbosa,6,2
Edson Barboza,24,11
Raoni Barcelos,18,5
Daniel Barez,16,6
Danny Barlow,8,0
Luke Barnatt,13,4
James Barnes,14,5
Nick Barnes,11,2
Shonte Barnes,6,2
Josh Barnett,35,8
Chris Barnett,23,8
Chris Barnhizer,2,3
David Baron,17,4
Phil Baroni,15,18
Dan Barrera,3,1
Carlos Barreto,14,9
Jose Barreto,0,1
Peter Barrett,11,5
Marc-Andre Barriault,16,7
David Barrios,4,8
Alexandre Barros,22,11
Ricardo Barros,2,2
Francimar Barroso,19,7
Pat Barry,8,7
Dean Barry,4,2
Enrique Barzola,17,5
Javid Basharat,14,1
Farid Basharat,12,0
Stephen Bass,11,2
Sean Bassett,0,4
Ryan Bastianelli,6,7
Shayna Baszler,15,11
Michel Batista,4,1
Bryan Battle,11,2
Alan Baudot,8,3
Mario Bautista,14,2
Chris Beal,10,5
Donovan Beard,7,2
Rudy Bears,16,15
Salvador Becerra,5,2
Ariel Beck,4,5
Jeff Bedard,13,3
Eric Bedard,6,7
Johnny Bedford,21,13
Rolando Bedoya,14,3
Chase Beebe,24,13
Lyle Beerbohm,24,3
Allan Begosso,7,2
Mirsad Bektic,13,4
Diana Belbita,15,9
Alan Belcher,18,8
Vitor Belfort,26,14
Yousri Belgaroui,5,3
Rodolfo Bellato,12,2
Danilo Belluardo,12,5
Joey Beltran,17,14
Marco Beltran,8,6
Joseph Benavidez,28,8
Mike Bencic,1,2
Dave Beneteau,6,5
Karla Benitez,14,11
Gabriel Benitez,23,12
Charles Bennett,30,33
Josh Bennett,11,14
DeAnna Bennett,8,3
Lance Benoist,7,2
Joe Benoit,11,4
Ryan Benoit,10,8
Pat Benson,3,5
Len Bentley,10,6
Steve Berger,21,23
Kenneth Bergh,8,0
Bret Bergmark,6,1
Keith Berish,5,1
Dennis Bermudez,17,9
Manny Bermudez,14,2
Talita Bernardo,6,4
Dave Berry,0,1
Keith Berry,15,14
Dieusel Berto,0,3
Edson Berto,17,12
Allen Berube,4,3
Anton Berzin,5,1
Scott Bessac,4,6
Matt Bessette,22,9
Khadzhi Bestaev,10,4
Fernando Bettega,7,5
Arjan Bhullar,9,1
KB Bhullar,8,2
Bibulatov Magomed,14,2
David Bielkheden,24,12
Blake Bilder,8,2
Jonas Bilharinho,9,1
Jeremiah Billington,11,2
Scott Bills,7,9
Anthony Birchak,16,8
Chris Birchler,7,4
Michael Bisping,30,9
Amaury Bitetti,5,2
Caio Bittencourt,14,7
Davi Bittencourt,14,4
Simon Biyong,7,1
Jan Blachowicz,29,10
Jason Black,23,4
Brad Blackburn,18,13
Jason Blackford,3,3
Tom Blackledge,10,7
Sherrard Blackledge,5,1
Da'Mon Blackshear,14,6
Erin Blanchfield,12,1
Maximo Blanco,12,8
David Blanco,2,0
Curtis Blaydes,17,4
Tereza Bleda,7,1
Arlene Blencowe,9,6
Byron Bloodworth,6,3
Dashawn Boatwright,3,1
Dan Bobish,17,9
Mark Bocek,12,5
Kyle Bochniak,8,5
James Bochnovic,8,3
Jeremy Boczulak,0,2
Tim Boetsch,21,13
Galore Bofando,5,3
Jay Bogan,6,6
Roman Bogatov,10,1
Derek Bohi,8,5
Jerry Bohlander,11,4
Mandy Bohm,8,2
Kotetsu Boku,25,11
Gaston Bolanos,7,4
Kyle Bolt,8,4
Denys Bondar,14,5
Luc Bondole,5,2
Tony Bonello,16,3
Gabriel Bonfim,15,1
Ismael Bonfim,19,4
Jesse Bongfeldt,16,5
Marcos Bonilla,4,4
Stephan Bonnar,15,9
Rogerio Bontorin,16,4
Ray Borg,13,5
Igor Borisov,1,1
Kevin Borjas,9,2
Calen Born,7,1
Caio Borralho,15,1
Zachary Borrego,3,1
Viacheslav Borshchev,7,3
Tanner Boser,21,10
Steve Bosse,12,2
Marcus Bossett,1,3
Chris Bostick,6,3
Poliana Botelho,8,5
Francois Botha,0,1
Gregory Bouchelaghem,5,4
Roy Boughton,14,8
Rich Bouphanouvong,1,4
Mike Bourke,10,16
Jess Bouscal,3,2
Tai Bowden,1,1
Melton Bowen,0,1
Kyron Bowen,9,5
Brian Bowles,10,3
Roger Bowling,12,6
Blake Bowman,2,6
Ashe Bowman,9,11
Anvar Boynazarov,3,1
Colley  Bradford,0,1
Kyle Bradley,19,12
Paul Bradley,23,8
Sean Brady,16,1
Ebenezer Fontes Braga,13,7
Ramiz Brahimaj,10,4
Joe Brammer,7,3
David Branch,22,6
Diego Brandao,22,11
Bruna Brasil,9,4
Michael Bravo,7,4
Martin Bravo,11,3
Roman Bravo-Young,0,1
Mike Breeden,11,6
Tom Breese,12,3
Elves Brener,16,3
Chris Brennan,21,13
Charlie Brenneman,19,8
Robert Breslin,3,9
Mack Brewer,0,1
Marcos Brigagao,11,1
Jason Brilz,22,6
Marcus Brimage,7,7
Aaron Brink,26,26
Henry Briones,16,8
Marcelo Brito,13,8
Joanderson Brito,16,3
Kaik Brito,16,5
Antwain Britt,11,6
Drew Brokenshire,16,6
Mike Bronzoulis,18,9
Jonathan Brookins,16,10
Will Brooks,18,4
Jarred Brooks,13,2
Rob Broughton,16,7
Lee Brousseau,5,3
Matt Brown,26,19
Mike Brown,26,9
Dominic Brown,16,23
Todd Brown,16,4
Terrell Brown,3,1
Chris Brown,10,1
Frederick Brown,3,2
Randy Brown,18,5
Damien Brown,17,12
TJ Brown,17,11
Humberto Brown Morrison,4,6
Travis Browne,18,7
Junie Browning,5,6
Jules Bruchez,1,2
Justin Bruckmann,7,3
Cody Brundage,10,5
Steve Bruno,15,6
Fernando Bruno,15,4
Derek Brunson,23,9
Josh Bryant,15,4
Dennis Bryant,5,2
Robert Bryczek,17,6
Lukasz Brzeski,8,4
Justin Buchholz,15,10
Zak Bucia,17,8
Courtney Buck,12,11
Joaquin Buckley,17,6
Martin Buday,13,2
Julia Budd,10,2
Dylan Budka,7,2
Mike Budnik,13,4
Francisco Bueno,5,2
Mayra Bueno Silva,10,3
Paul Buentello,35,17
Modestas Bukauskas,15,6
Lee Kwan Bum,0,1
Josh Bumgarner,6,4
Shawn Bunch,7,3
Felipe Bunes,13,7
Shane Burgos,15,3
Joshua Burkman,28,16
Justin Burlinson,6,1
Mads Burnell,9,3
Mikey Burnett,5,2
Kevin Burns,12,7
Gilbert Burns,22,6
Josh Burns,8,10
Herbert Burns,11,4
Derrick Burnsed,1,0
Nah-Shon Burrell,15,7
Martin Buschkamp,9,0
George Bush,5,2
Bubba Bush,8,3
Dakota Bush,8,4
Murilo Bustamante,15,8
Nick Bustamante,5,3
Eduardo Bustillos,5,3
Jason Butcher,10,2
Todd Butler,1,4
Goldman Butler,1,4
Ian Butler,3,3
Raphael Butler,9,2
Jesse Butler,12,5
JP Buys,9,6
Dennis Buzukja,8,4
Charles Byrd,10,7
Steve Byrnes,6,1
Michael Byrnes,5,3
Yan Cabral,13,3
Alvin Cacdac,18,13
Alex Caceres,21,14
Vince Cachero,7,4
Priscila Cachoeira,12,6
Travis Calanoc,5,1
Ricky Calatayud,16,2
Darrion Caldwell,10,1
Taylor Callens,6,0
Cynthia Calvillo,9,6
Joe Camacho,13,19
Frank Camacho,22,10
Fabricio Camoes,14,9
Chris Camozzi,24,13
Brian Camozzi,7,5
Ricky Camp,11,4
Mike Campbell,13,4
Thomas Campbell,3,3
Shane Campbell,14,6
Charlie Campbell,8,2
John Campetella,0,1
Wagner Campos,12,10
Derek Campos,19,6
Will Campuzano,14,6
Aleksa Camur,6,3
Chico Camus,17,7
Asbel Cancio,0,1
Carlos Candelario,8,3
Ronaldo Candido,6,0
Luiz Cane,17,7
Guido Cannetti,10,8
Jared Cannonier,17,6
Jose Canseco,0,1
Cody Canterbury,1,10
Bo Cantrell,10,10
Steve Cantwell,7,6
Paul Capaldo,6,0
Phil Caracappa,6,1
Frank Caracci,2,3
Gina Carano,7,1
Dos Caras Jr.,9,5
Bryan Caraway,21,9
Remo Cardarelli,7,5
Phil Cardella,8,5
Edgar Cardenas,4,1
Chris Cariaso,17,8
Ronald Carillo,4,2
Rafael Carino,2,1
Don Carlo-Clauss,10,7
Antonio Carlos Junior,11,5
Spike Carlyle,9,3
Francis Carmont,25,12
Liz Carmouche,13,7
Roan Carneiro,21,11
Ariane Carnelossi,14,3
Luana Carolina,10,4
Tim Caron,7,1
Clayton Carpenter,7,0
Gabriel Carrasco,7,0
Cody Carrillo,11,16
Cain Carrizosa,10,3
Roger Carroll,16,14
Jonny Carson,11,7
Scott Carson,4,2
Shonie Carter,51,31
Jack Cartwright,10,1
Bruno Carvalho,10,5
Antonio Carvalho,15,6
Rafael Carvalho,14,1
Shane Carwin,12,2
Johnny Case,22,6
Kevin Casey,9,5
Cortney Casey,10,10
Brandon Cash,10,4
Bendy Casimir,20,14
Dwayne Cason,1,1
Joe Cason,9,1
John Castaneda,21,6
Eric Castile,3,2
Gil Castillo,8,5
Danny Castillo,17,10
Raul Castillo,7,1
Jenna Castillo,1,0
Tim Catalfo,4,2
Nick Catone,10,4
Luke Caudillo,17,17
Gesias Cavalcante,21,10
Rafael Cavalcante,12,7
Jacqueline Cavalcanti,6,1
Magnus Cedenblad,14,5
Yosdenis Cedeno,10,6
Henry Cejudo,16,4
Adam Cella,6,8
Vinicius Cenci,7,2
Donald Cerrone,36,17
Jared Chaffee,5,2
Luan Chagas,15,3
Edgar Chairez,11,5
Ansar Chalangov,14,5
Alex Chambers,5,5
Michael Chandler,23,8
Chelsea Chandler,5,1
Donnie Chappell,0,1
Joe Charles,6,13
Dan Charles,10,6
Morgan Charriere,19,9
Ernest Chavez,10,2
Emilio Chavez,12,9
Danny Chavez,11,5
Gabriel Checco,10,2
Albert Cheng,7,4
Fabio Cherant,7,4
Ion Cherdivara,1,1
Mark Cherico,11,1
Macy Chiasson,9,3
Michael Chiesa,18,7
Giga Chikadze,15,3
Khamzat Chimaev,13,0
Sako Chivitchian,8,1
Mu Bae Choi,12,6
Hong Man Choi,4,5
Dooho Choi,14,4
SeungWoo Choi,11,6
SeungGuk Choi,7,3
John Cholish,8,3
Ryo Chonan,22,13
Katlyn Cerminara,18,5
Will Chope,34,13
Joachim Christensen,14,6
Dan Christison,20,7
Anthony Christodoulou,12,7
Murad Chunkaiev,8,4
Cameron Church,4,1
Steven Ciaccio,4,4
Mike Ciesnolevicz,19,4
Hannah Cifers,10,7
Branko Cikatic,0,2
Nikolajus Cilkinas,2,6
Misha Cirkunov,15,9
Johnny Cisneros,9,6
Laverne Clark,27,21
Logan Clark,18,6
Mychal Clark,10,14
Dominic Clark,10,7
Heather Clark,7,6
Devin Clark,14,9
Jessica-Rose Clark,11,9
John Clarke,1,1
Mitch Clarke,11,5
Rich Clementi,45,23
Chris Clements,12,6
RJ Clifford,4,3
Mark Climaco,9,2
Josh Clopton,6,2
Brian Cobb,20,9
Darryl Cobb,6,8
Dave Cochran,26,29
Dakota Cochrane,29,12
Marloes Coenen,23,8
Marc Cofer,7,5
John Cofer,8,4
Chris Coggins,7,10
Felipe Colares,10,4
Wayne Cole,16,25
Devin Cole,20,10
Coltin Cole,4,5
Ivan Cole,2,3
Chandler Cole,10,4
Mark Coleman,16,10
Cortez Coleman,13,8
Clay Collard,14,7
Jamie Colleen,4,1
Jake Collier,13,10
Christian Colombo,8,3
Willian Colorado,11,1
Wes Combs,20,6
Carlos Condit,32,14
Chris Condo,0,1
Tristan Connelly,14,8
Marcos Conrado Jr.,5,1
Jeremiah Constant,11,8
Jonathan Contrestano,6,0
Bob Cook,5,0
Mike Cook,13,13
Chad Cook,10,12
TJ Cook,13,5
Dewey Cooper,2,1
Brett Cooper,23,12
Bill Cooper,2,1
Bobby Cooper,12,7
Amanda Cooper,3,5
Kit Cope,6,7
Chris Cope,8,4
Josh Copeland,12,4
Michael Cora,4,1
Akira Corassani,12,6
Muhsin Corbbrey,17,9
Daniel Cormier,22,3
Nora Cornolle,7,1
Clint Coronel,2,5
Henry Corrales,13,3
Bethe Correia,11,6
Wesley Correira,20,16
Waldo Cortes-Acosta,11,1
Tracy Cortez,11,1
Reyes Cortez Jr.,7,3
Chad Corvin,5,0
Louis Cosce,7,2
Orion Cosce,8,2
Miguel Cosio,1,13
Jadson Costa,22,8
Guilherme Costa,7,1
Paulo Costa,14,3
Randy Costa,6,4
Alessandro Costa,13,4
Melquizael Costa,20,7
Oscar Cota,11,3
Patrick Cote,23,11
JC Cottrell,17,5
JR Coughran,4,1
Rashad Coulter,9,4
Dave Courchaine,20,7
Randy Couture,19,11
Kim Couture,3,8
Ryan Couture,11,5
Nikk Covert,3,4
Colby Covington,17,4
Hailey Cowan,7,3
Jeff Cox,10,7
Nathan Coy,15,7
Andrew Craig,9,4
Paul Craig,17,7
Dan Cramer,11,4
Alberto Crane,15,5
Tim Credeur,12,4
Paul Creighton,3,1
Helena Crevar,0,0
Alexander Crispim,8,6
Alex Crispin,0,1
Kevin Croom,21,15
Kiefer Crosbie,10,4
Ken Cross,11,3
Jeff Crotty,1,1
Allen Crowder,10,4
Daron Cruickshank,18,10
Richard Crunkilton,19,4
Jimmy Crute,12,4
Marcio Cruz,8,3
Dominick Cruz,24,4
Aalon Cruz,8,4
Timmy Cuamba,8,2
Jay Cucciniello,8,1
Emilio Cuellar,6,1
Josh Culibao,11,2
Chris Culley,20,15
Abel Cullum,20,6
Zak Cummings,25,7
Everett Cummings,12,0
Patrick Cummins,10,7
Luke Cummo,6,6
Hugo Cunha,6,0
Alton Cunningham,4,2
AJ Cunningham,11,4
Santo Curatolo,6,2
Larry Cureton,0,2
Jeff Curran,36,18
Kailin Curran,4,5
Pat Curran,22,7
Chris Curtis,31,10
Ion Cutelaba,17,9
Gleidson Cutis,7,4
Sarah D'alelio,11,7
Marcos da Matta,11,3
Henrique da Silva,14,5
Alex Da Silva,21,4
Igor Da Silva,8,0
Henrique Da Silva Lopes,5,2
Daermisi Zhawupasi,7,1
Nicolas Dalby,23,4
Paul Daley,39,15
Dave Dalgliesh,30,19
Richard Dalton,4,3
Aisling Daly,16,6
Marko Damiani,0,2
Leonardo Damiani,10,3
Rodrigo Damm,13,9
Carina Damm,2,13
Batgerel Danaa,12,5
Cindy Dandois,8,3
Peter Danesoe,6,3
Jarjis Danho,7,1
Raymond Daniels,0,1
Marques Daniels,5,5
Alexandre Dantas,0,3
Eduardo Dantas,20,4
Mac Danzig,21,12
Karen Darabedyan,13,6
Beneil Dariush,22,6
Sean Daugherty,0,2
Kyle Daukaus,11,4
Chris Daukaus,12,7
Brian Davidson,13,4
Rick Davis,3,1
Marcus Davis,22,11
LC Davis,23,8
Phil Davis,17,4
Lemont Davis,2,6
Mike Davis,10,2
Justin Davis,13,16
Alexis Davis,21,11
Danny Davis,13,11
Brandon Davis,14,10
Hakeem Dawodu,13,4
Grant Dawson,20,2
Jason Day,19,12
Martin Day,8,6
Angel De Anda,18,6
Yorgan De Castro,6,3
Geraldo de Freitas,12,6
Philip De Fries,12,6
Chris de la Rocha,5,3
Montana De La Rosa,12,9
Mark De La Rosa,11,5
Mike de la Torre,14,7
Rodrigo de Lima,8,3
Edilberto de Oliveira,29,15
Johil de Oliveira,17,15
Jorge de Oliveira,9,2
Isabela de Padua,5,2
Gloria de Paula,6,5
Germaine de Randamie,10,4
Crezio de Souza,1,2
Carl Deaton,17,7
Tom DeBlass,9,2
Issac DeJesus,12,7
Rafael  Del Real,6,20
Shane del Rosario,11,2
Wallen Del Rosario,8,2
Humberto DeLeon,7,7
Rolando Delgado,11,6
Israel Delgado,0,2
Ante Delija,17,3
Jack Della Maddalena,16,2
Roland Delorme,9,5
Jon Delos Reyes,8,5
Jason DeLucia,33,21
Justin DeMoney,15,7
Vanessa Demopoulos,10,5
Chris Dempsey,11,5
Nick Denis,11,3
Thomas Denny,27,21
Robert Densley,9,10
Jason Dent,22,13
Mackenzie Dern,13,5
Booker DeRousse,6,5
Tony DeSouza,11,4
Cory Devela,16,7
John Devine,6,4
Edwin DeWees,38,17
Alessio Di Chirico,13,7
Micol Di Segni,7,3
Cyrille Diabate,19,10
Thomas Diagne,6,6
Marc Diakiese,17,7
Tyler Diamond,9,1
Blood Diamond,3,3
Eldo Xavier Dias,0,1
Rafael Dias,17,12
Hacran Dias,23,6
Victor Dias,11,3
Nick Diaz,26,10
Nate Diaz,22,13
Michael Diaz,1,2
Ryan Diaz,13,14
Adrian Diaz,11,4
Ozzy Diaz,7,2
Mark Dickman,11,3
Josh Diekmann,15,8
Kyle Dietz,5,2
Seth Dikun,9,8
TJ Dillashaw,18,5
Ralph Dillon,0,2
Drew Dimanlig,3,4
Rodolfo Marques Diniz,23,9
Jhonata Diniz,6,0
Helio Dipp,6,3
Rico DiSciullo,9,2
Matt Dixon,9,1
Melissa Dixon,6,0
John Dixson,15,22
Anthony Do,4,2
Russell Doane,15,8
Drew Dober,27,13
Shana Dobson,4,5
AJ Dobson,7,2
David Dodd,4,7
John Dodson,22,12
Joe Doerksen,51,16
Mike Dolce,5,10
Roman Dolidze,12,3
Cameron Dollar,11,5
CB Dollaway,17,9
Dennis Dombrow,7,5
OJ Dominguez,0,1
John Donaldson,2,2
Cody Donovan,8,5
Houston Dorr,1,2
Rafael Dos Anjos,32,15
Junior Dos Santos,21,9
Geronimo dos Santos,39,19
Antonio Dos Santos,6,4
Anderson Dos Santos,21,9
Acacio Dos Santos,14,5
Felipe dos Santos,8,1
Tiago dos Santos e Silva,20,7
Oleksandr Doskalchuk,10,2
David Douglas,9,7
Damion Douglas,4,1
Cedric Doumbe,2,0
John Dowdy,0,1
Jordan Dowdy,4,3
Danny Downes,8,3
Derek Downey,11,4
John Doyle,11,22
Edson Drago,11,7
Kyle Driscoll,12,3
Chris Drumm,0,1
Tomasz Drwal,21,5
Robert Drysdale,7,0
Dricus Du Plessis,21,2
Hugo Duarte,6,3
Antonio Duarte,19,7
Joe Duarte,10,4
Emily Ducote,13,8
Viktoriia Dudakova,8,0
Milana Dudieva,11,6
Adin Duenas,6,1
Todd Duffee,9,3
Joe Duffy,16,5
Alexis Dufresne,6,3
Jessamyn Duke,3,5
Isaac Dulgarian,6,0
Kelly Dullanty,4,2
Sedriques Dumas,9,1
Norma Dumont,10,2
Chris Duncan,11,2
Christian Leroy Duncan,10,1
Evan Dunham,18,9
Alex Dunworth,2,2
Tom Duquesnoy,16,2
Albert Duraev,16,5
Reuben Duran,11,7
Cody Durden,16,5
Luiz Dutra,13,6
Rilley Dutro,11,4
Bill Duvall,1,2
Merab Dvalishvili,17,4
David Dvorak,20,6
Matt Dwyer,9,4
Rolando Dy,9,7
Ben Earwood,12,3
Cody East,12,3
Marvin Eastman,18,15
Mike Easton,13,6
Maurice Eazel,7,15
Vincent Eazelle,9,2
Ross Ebanez,20,10
Brian Ebersole,51,18
Roybert Echeverria,7,1
Mark Eddiva,6,3
Frankie Edgar,23,11
Abdul-Kerim Edilov,17,4
Johnny Eduardo,28,13
Yves Edwards,42,22
Justin Edwards,9,5
Leon Edwards,22,3
Te Edwards,6,3
Adli Edwards,4,1
Joselyne Edwards,13,5
Tom Egan,7,5
Stephanie Egger,8,5
Justin Eilers,19,7
Jon Olav Einemo,6,3
Per Eklund,14,5
John Elam,2,0
Evan Elder,8,2
John Paul Elias,3,1
Joao Elias,17,4
Saul Elizondo,6,8
Darren Elkins,28,11
Jake Ellenberger,31,15
Joe Ellenberger,15,2
Tim Elliott,21,13
Oban Elliott,10,2
Eddy Ellis,21,16
Lisa Ellis,15,11
Anna Elmose,3,2
Cameron Else,10,6
Aaron Ely,5,2
Sovannahry Em,3,1
Ramazan Emeev,20,6
Aleksander Emelianenko,23,7
Fedor Emelianenko,36,5
Rob Emerson,18,12
Jamall Emmers,20,7
Josh Emmett,19,4
Marius Enache,3,3
Kevin Engel,5,1
Kolton Englund,9,4
Oliver Enkamp,7,2
Alex Enlund,14,2
Kenny Ento,14,15
Ian Entwistle,9,3
Andy Enz,10,4
Won Jin Eoh,5,5
Josh Epps,6,7
Steve Erceg,12,1
Tom Erikson,9,4
Konstantin Erokhin,9,3
Julian Erosa,28,12
Jarno Errens,13,5
Nick Ertl,8,6
Chel Erwin-Davis,5,1
Bobby Escalante,5,6
Eric Esch,15,10
Pro Escobedo,1,0
Cole Escovedo,17,9
Efrain Escudero,28,12
Evan Esguerra,8,7
Carla Esparza,20,7
Juan Espino,11,2
Jordan Espinosa,15,9
Jodie Esquibel,6,6
Rafael Estevam,12,0
Achilles Estremadura,7,1
Shaun Etchell,7,3
Terry Etim,16,5
Fred Ettish,1,1
Scott Ettling,4,2
Sijara Eubanks,8,7
Billy Evangelista,13,3
Rashad Evans,19,8
Doug Evans,13,10
Ashlee Evans-Smith,6,6
Dan Evensen,11,4
Tonya Evinger,19,8
Movsar Evloev,18,0
Andre Ewell,17,9
Neal Ewing,6,0
Jessica Eye,15,11
Edward Faaloloto,2,5
Urijah Faber,35,11
Melinda Fabian,4,4
Wagnney Fabiano,16,4
Bartosz Fabinski,15,5
Ron Faircloth,33,20
Jason Fairn,4,5
Zarah Fairn,6,6
Rinat Fakhretdinov,21,1
Maiquel Falcao,37,10
Pedro Falcao,15,3
Brodie Farber,16,7
Joao Paulo Faria,1,1
Kalindra Faria,18,8
Jair Farias,10,1
Chance Farrar,8,3
Rico Farrington,7,3
Kelly Faszholz,4,2
Rodney Faverus,25,20
Paul Felder,17,6
Carlos Felipe,11,2
JP Felty,4,5
Feng Pengchao,15,9
Kevin Ferguson,5,2
Rhadi Ferguson,3,0
Tony Ferguson,26,10
Josh Ferguson,10,5
CJ Fernandes,14,8
Bibiano Fernandes,20,3
Gabriella Fernandes,8,3
Kaue Fernandes,8,2
Emily Fernandez,0,0
Lucas Fernando,9,2
Alexandre Ferreira,18,6
Cezar Ferreira,13,8
Diego Ferreira,18,5
Erisson Ferreira,12,2
Brunno Ferreira,11,1
Scott Ferrozzo,4,2
Timo Feucht,8,1
Andre Fialho,16,8
Drew Fickett,42,21
Scott Fiedler,0,1
Ron Fields,28,32
Michal Figlak,8,1
Deiveson Figueiredo,22,3
Francisco Figueiredo,13,5
Anthony Figueroa,11,8
Edwin Figueroa,9,5
Paulo Filho,23,6
Jafel Filho,15,3
Andre Fili,23,11
Mirko Filipovic,35,11
Brady Fink,2,3
Jesse Finney,5,1
Jan Finney,11,12
Torrez Finney,7,0
Luigi Fioravanti,26,15
Nick Fiore,6,2
Manon Fiorot,11,1
Luiz Firmino,19,8
Spencer Fisher,24,9
Chris Fishgold,18,4
Bryanna Fissori,2,4
Jon Fitch,30,7
Isi Fitikefu,6,0
Rafael Fiziev,12,3
Colin Fletcher,14,8
AJ Fletcher,10,3
Jimmy Flick,17,7
Luke Flores,9,2
Ty Flores,7,3
Alejandro Flores,17,3
Kenny Florian,14,6
Darrius Flowers,12,7
Cody Floyd,2,0
Bobby Flynn,6,4
Caros Fodor,11,6
Mal Foki,5,5
Matt Foki,5,4
AJ Fonseca,5,4
Rob Font,20,8
Claudionor Fontinelle,10,15
Jesse Forbes,15,5
Sterling Ford,15,7
Codale Ford,11,9
Raheam Forest,7,2
Jussier Formiga,23,8
Renee Forte,8,4
Brianna Fortino,9,3
Marcel Fortuna,9,3
Brian Foster,27,10
Xavier Foupa-Pokam,32,22
Mason Fowler,2,0
Brandon Foxworth,18,4
Hermes Franca,24,17
Glaico Franca Moreira,15,5
Francisco France,13,5
John Franchi,6,2
Rich Franklin,29,7
Zoila Frausto,13,5
Stephanie Frausto,8,7
Zane Frazier,4,11
Gary Frazier,3,3
Justin Frazier,10,3
Ian Freeman,20,7
Jason Freeman,6,4
Willamy Freire,26,6
Patricio Freire,26,4
Patricky Freire,17,8
Jeremy  Freitag,6,10
Rafael Freitas,3,6
Donavon Frelow,6,3
Josh Fremd,11,5
Clay French,19,7
Mike French,9,10
Matt Frevola,11,4
Jinh Yu Frey,11,10
Artem Frolov,11,0
Sarah Frota,9,2
Don Frye,20,9
Tony Fryklund,14,9
Adam Fugitt,9,4
Jesse Fujarczyk,2,2
Katsuhisa Fujii,9,18
Megumi Fujii,26,3
Kazuyuki Fujita,15,12
Keisuke Fujiwara,17,12
Riki Fukuda,24,9
Masio Fullen,11,7
Travis Fulton,253,53
Sam Fulton,0,2
Masakatsu Funaki,39,13
Ricardo Funch,9,6
Katsuaki Furuki,1,1
James Gabert,6,4
Gustavo Gabriel,13,1
Claudia Gadelha,18,5
Alavutdin Gadjiev,18,13
Magomed Gadzhiyasulov,8,0
Justin Gaethje,25,4
Sheila Gaff,9,7
Muin Gafurov,18,6
Mitch Gagnon,12,5
Brandon Gaines,5,21
Travis Galbraith,18,7
Dave Galera,5,1
Zelg Galesic,11,9
Mickey Gall,7,5
Daniel Gallemore,7,3
Tom Gallicchio,19,10
Turrell Galloway,8,6
Eric Galvan,0,0
Andre Galvao,5,2
Marcos Galvao,18,8
Lucas Gamaza,8,4
Joey Gambino,9,2
Manvel Gamburyan,15,10
Mateusz Gamrot,23,2
Shamil Gamzatov,14,1
Ariel Gandulla,7,9
Ciryl Gane,12,2
Sean Gannon,2,1
Junye Gao,19,12
Eduardo Garagorri,13,2
Cody Garbrandt,14,5
Leonard Garcia,18,13
Edgar Garcia,14,5
Alejandro Garcia,14,10
Alex Garcia,15,6
Nick Garcia,8,3
Steve Garcia,15,5
Elias Garcia,6,2
Rafa Garcia,16,3
Fernie Garcia,10,5
Rulon Gardner,1,0
David Gardner,18,21
Ian Machado Garry,14,0
Pablo Garza,12,4
Azamat Gashimov,8,3
Brian Gassaway,29,20
Kelvin Gastelum,18,9
Willie Gates,12,7
Melissa Gatto,8,2
Louis Gaudinot,8,4
Manuel Gaxhja,7,0
Shamil Gaziev,12,1
Charlene Gellner,0,4
Chad George,16,8
Paul Georgieff,6,2
Brian Geraghty,26,18
Derek Getzel,8,5
Karine Gevorgyan,3,3
Yanis Ghemmouri,12,2
Darrel Gholar,5,6
Tiki Ghosn,10,7
Christos Giagos,20,11
Joe Giannetti,6,1
Nick Gibbons,2,1
James Giboo,13,5
Lance Gibson,4,5
Lee Gibson,12,4
Cody Gibson,20,9
Chase Gibson,9,5
Kenny Giddens,12,7
Thomas Gifford,14,9
Joseph Gigliotti,7,2
Joey Gilbert,2,3
Trevin Giles,16,6
Kultar Gill,12,8
Jesse Gillespie,3,2
Gregor Gillespie,14,1
Jason Gilliam,14,9
Micheal Gillmore,6,5
Krishaun Gilmore,0,1
Alex Gilpin,11,1
Bob Gilstrap,5,7
Eperaim Ginting,6,1
Demetrius Gioulacos,0,1
Billy Giovanella,9,5
He-Man Gipson,1,2
Israel Giron,19,5
Brandon Girtz,14,7
Jason Glaza,3,2
Mike Glenn,5,6
Ricky Glenn,22,8
Mark Godbeer,13,4
Clint Godfrey,13,3
Loopy Godinez,12,3
Jason Godsey,16,16
Allan Goes,10,5
Billy Goff,9,2
Amiran Gogoladze,14,3
Jonny Goh,3,4
Hannah Goldy,6,4
Marcelo Golm,6,3
Denise Gomes,8,3
Sergio Gomez,10,3
Frank Gomez,10,6
Alan Gomez,2,0
David Gomez,1,2
Ulysses Gomez,9,5
Joey Gomez,7,1
Luis Gomez,4,1
Edson Gomez,6,2
Silvana Gomez Juarez,11,5
Takanori Gomi,35,14
William Gomis,13,2
Akihiro Gono,35,21
Gabriel Gonzaga,17,11
Justin Gonzales,6,0
Fernando Gonzalez,26,14
Nick Gonzalez,17,12
Fabian Gonzalez,2,1
Lewis Gonzalez,11,3
Jason Gonzalez,11,5
Pearl Gonzalez,6,3
Jorge Gonzalez,16,4
Mikey Gonzalez,7,2
Erick Gonzalez,14,8
Jennifer Gonzalez,13,5
Kier Gooch,2,7
Lyman Good,21,6
Jared Gooden,23,9
Gary Goodridge,23,22
Jordan Goodwin,0,0
Gerard Gordeau,2,2
Eddie Gordon,8,4
Jared Gordon,20,6
Tebaris Gordon,3,1
Malcolm Gordon,14,8
Tresean Gore,5,2
Alex Gorgees,6,1
Themba Gorimbo,12,4
Tim Gorman,9,4
Chase Gormley,14,6
Jonathan Goulet,23,12
Thibault Gouti,12,5
Wilson Gouveia,14,8
Todd Gouwenberg,9,5
Hugo Govea,0,1
Justin Governale,5,5
Damian Grabowski,20,5
Royce Gracie,15,2
Crosley Gracie,2,2
Daniel Gracie,5,4
Ralph Gracie,6,1
Renzo Gracie,13,7
Rickson Gracie,11,0
Rodrigo Gracie,6,2
Royler Gracie,5,5
Ryan Gracie,5,2
Ralek Gracie,3,1
Rolles Gracie,8,4
Cesar Gracie,0,1
Roger Gracie,8,2
Igor Gracie,5,4
Neiman Gracie,6,0
Kron Gracie,5,2
Bogdan Grad,11,2
Steven Graham,2,1
Scott Graham,3,1
Miranda Granger,7,3
TJ Grant,21,5
Davey Grant,15,7
Dwight Grant,11,6
Alexa Grasso,16,3
Tony Gravely,23,9
Michael Graves,6,0
Shelton Graves,7,3
James Gray,4,1
Kevin Gray,9,4
Sam Greco,3,1
Bobby Green,31,15
Desmond Green,23,8
Gabe Green,11,5
Maurice Greene,9,7
Matt Grice,15,5
Forrest Griffin,19,7
Tyson Griffin,16,8
Max Griffin,20,10
Jordan Griffin,18,9
Chad Griggs,11,3
Charalampos Grigoriou,8,3
Chuck Grigsby,23,10
Rodrigo Gripp de Sousa,7,9
Maxim Grishin,32,10
Josh Grispi,14,5
Garrett Gross,11,7
Kendall Grove,23,17
Neil Grove,12,8
Chris Gruetzemacher,15,5
Vik Grujic,6,6
Mike Grundy,12,4
Wang Guan,20,1
Nandor Guelmino,11,5
Fabricio Guerreiro,21,5
Rainn Guerrero,5,2
Shannon Gugerty,15,7
Clay Guida,38,21
Jason Guida,19,28
Melvin Guillard,32,18
Chris Guillen,13,16
Marcelo Guimaraes,9,2
Leonardo Guimaraes,11,5
Brad Gumm,10,6
John Gunderson,35,16
John Gunther,5,1
Jorge Gurgel,14,10
Fabio Gurgel,3,2
Bogdan Guskov,15,3
Gugun Gusman,8,4
Andre Gusmao,6,3
Alexander Gustafsson,18,8
Justin Guthrie,18,9
Horacio Gutierrez,4,3
Chris Gutierrez,20,6
Mando Gutierrez,7,2
Mike Guymon,15,6
Chelsea Hackett,3,1
Keith Hackney,2,2
Jake Hadley,10,2
Steve Hadsel,3,0
Damir Hadzovic,14,7
Bassil Hafez,8,4
Tim Hague,21,13
Yazan Hajeh,6,1
Stoney Hale,5,3
Kevin Haley,6,4
Mark Hall,5,6
Uriah Hall,18,11
Ryan Hall,9,2
Dennis Hallman,53,20
Piotr Hallmann,18,6
Tony Halme,0,4
Brandon Halsey,9,3
John Halverson,16,8
Seo Hee Ham,17,8
Frank Hamaker,1,0
Kazuhiro Hamanaka,5,7
Rami Hamed,12,3
Matt Hamill,12,8
Jeremy Hamilton,9,2
Anthony Hamilton,15,9
CJ Hamilton,11,4
Jared Hamman,14,6
James Hammortree,6,3
Dean Hancock,2,1
Chad Hanekom,9,3
Joachim Hansen,23,14
Kay Hansen,7,6
Nasrat Haqparast,16,5
Shin Haraguchi,7,1
Janay Harding,2,3
Antoni Hardonk,8,6
George Hardwick,12,2
Dan Hardy,25,10
Veronica Hardy,8,4
Greg Hardy,7,5
Tobias Harila,12,3
Baru Harn,1,2
Scott Harper,12,7
Josiah Harrell,7,0
Gerry Harris,1,4
Gerald Harris,23,5
Phil Harris,22,12
Walt Harris,13,10
Dhafir Harris,2,0
Trevor Harris,2,2
Carlston Harris,19,5
Collin Hart,6,3
Dale Hartt,6,3
Luke Hartwig,0,1
Clay Harvison,13,6
Hidehiko Hasegawa,19,20
Chris Haseman,20,17
Takayo Hashi,15,6
Tomohiko Hashimoto,1,4
Justin Haskins,7,6
Hayder Hassan,6,3
Ahmad Hassanzada,10,2
Daiki Hata,17,11
John Hathaway,17,2
Phil Hawes,12,6
Justin Hawes,6,9
Chris Hawk,5,10
Del Hawkins,22,17
Tommy Hayden,11,3
Mike Hayes,20,12
Ryan Hayes,7,6
Gerric Hayes,8,11
Josh Haynes,14,11
Dustin Hazelett,12,7
James Head,9,4
Pat Healy,34,23
Ryan Healy,25,14
Spencer Hearns,1,0
David Heath,18,7
Chris Heatherly,9,4
Jake Hecht,11,4
Nick Hein,14,5
Ian Heinisch,14,5
Marcin Held,23,7
Delson Heleno,29,10
Matt Helm,1,1
Elisha Helsper,0,4
Dan Henderson,32,15
Benson Henderson,24,7
Ron Henderson,4,3
Josh Hendricks,19,11
Johny Hendricks,18,8
Cory Hendricks,3,1
Luis Henrique,10,5
Jose Henrique,5,1
Diego Henrique da Silva,8,4
Danny Henry,12,4
Victor Henry,23,6
TJ Hepburn,4,2
Jai Herbert,12,5
Ed Herman,27,16
Dave Herman,22,6
Jack Hermansson,24,8
Noe Hernandez,5,5
Joe Hernandez,0,1
Ramiro Hernandez,19,9
Alexander Hernandez,14,7
Anthony Hernandez,12,2
Nohelin Hernandez,9,4
Carlos Hernandez,9,3
Paul Herrera,1,1
Chris Herrera,3,2
Geane Herrera,9,3
Alvaro Herrera Mendoza,9,6
Felice Herrig,14,10
Heath Herring,28,16
Jon Hess,1,1
Clint Hester,11,6
Brandon Hester,3,0
Jimy Hettes,11,3
Conor Heun,9,5
Marcus Hicks,10,4
Jay Hieron,23,7
Brady Hiestand,8,2
Lee Higgins,2,1
Jason High,21,6
Richie Hightower,8,4
Alex Higley,4,3
Corey Hill,6,9
Isaiah Hill,5,7
Angela Hill,16,13
Tyler Hill,8,2
Jamahal Hill,12,1
Kailan Hill,4,1
Branden Lee Hinkle,17,11
Hatsu Hioki,29,10
Alan Hiro,14,5
Kuniyoshi Hironaka,23,9
Mizuto Hirota,18,10
Yuji Hisamatsu,16,22
Kwan Ho Kwak,9,2
Matt Hobar,9,3
Bobby Hoffman,36,10
Chris Hofmann,9,2
Sam Hoger,10,4
Andrew Holbrook,12,3
Sean Holden,5,2
Chris Holdsworth,6,0
Kevin Holland,25,10
Roger Hollett,13,5
Max Holloway,25,7
Gabrielle Holloway,6,5
Jeremie Holloway,8,3
Holly Holm,15,6
Rex Holman,4,2
Joseph Holmes,8,4
Kurt Holobaugh,21,7
Paddy Holohan,12,2
Ben Holscher,4,0
Mark Holst,12,6
Scott Holtzman,14,6
Sabah Homasi,11,8
Mark Hominick,20,12
Barb Honchak,10,4
Chris Honeycutt,9,1
JunYoung Hong,11,7
SeongChan Hong,9,2
Satoshi Honma,4,6
David Hood,1,3
Lorenzo Hood,14,5
Dan Hooker,23,12
Chase Hooper,13,3
Darrell Horcher,13,4
Moti Horenstein,1,6
Yoshinori Horie,8,2
Kyoji Horiguchi,19,2
Yuma Horiuchi,9,5
Jeremy Horn,91,22
Matt Horning,20,25
Chris Horodecki,21,7
Jamey-Lyn Horth,6,1
Matt Horwich,30,25
John Hosman,18,8
Saeed Hosseini,0,1
Jeff Hougland,10,6
Trey Houston,11,4
Jamie Houston,3,0
Brian Houston,4,6
Harold Howard,1,3
John Howard,24,13
Shane Howell,13,10
Hu Yaozong,3,3
Carlos Huachin,10,5
Brady Huang,11,2
Yuele Huang,13,0
Austin Hubbard,16,7
Collin Huckbody,8,2
Alex Huddleston,6,2
Roger Huerta,23,9
Casey Huffman,3,1
Matt Hughes,45,9
Mark Hughes,6,2
Jeff Hughes,10,4
Sam Hughes,8,6
Victor Hugo,24,4
David Hulett,22,10
Bryan Humes,6,2
Abongo Humphrey,7,3
Harry Hunsucker,7,6
Mark Hunt,13,14
Alex Hunter,2,0
Adam Hunter,7,1
Joe Hurley,12,5
Solomon Hutcherson,11,7
Young Hwang,8,5
Al Iaquinta,14,7
Khadis Ibragimov,8,4
Minoki Ichihara,0,1
Dan Ige,18,7
Valeri Ignatov,1,2
Sergey Ignatov,0,1
Fabiano Iha,9,5
Seichi Ikemoto,21,19
Mikhail Iloukhine,30,11
Zelim Imadaev,8,3
Yusuke Imamura,2,6
Masakazu Imanari,36,16
Nassourdine Imavov,13,4
Brad Imes,13,7
Chris Indich,6,4
Chris Inman,1,0
Guto Inocente,7,4
Enson Inoue,12,8
Egan Inoue,13,8
Katsuya Inoue,19,9
Takeshi Inoue,23,10
Naoki Inoue,11,1
Jorge Interiano,4,3
Jason Ireland,19,9
James Irvin,17,10
Eric Irvin,11,4
Issa Isakov,10,3
Mitsuhiro Ishida,20,8
Teruto Ishihara,10,7
Satoshi Ishii,15,8
Yuki Ishikawa,0,2
Eiji Ishikawa,29,24
Tokimitsu Ishizawa,1,5
Damir Ismagulov,24,3
Wallid Ismail,9,3
Leandro Issa,13,6
Blagoy Ivanov,19,6
Anthony Ivy,8,4
Tomomi Iwama,9,6
Tatsuya Iwasaki,0,1
Yoislandy Izquierdo,10,4
Hiroshi Izumi,4,2
Yves Jabouin,20,11
Kevin Jackson,4,2
Eugene Jackson,15,9
Quinton Jackson,37,12
Jeremy Jackson,9,5
Damon Jackson,22,6
Kenyon Jackson,4,3
Mike Jackson,1,2
Jason Jackson,7,2
Montel Jackson,13,2
Eric Jacob,1,9
Richard Jacobi,6,1
Dustin Jacoby,19,8
Justin James,13,7
Nate James,14,8
Virna Jandiroba,19,3
Ryan Janes,10,3
Josh Janousek,8,1
Dave Jansen,20,4
Jaime Jara,38,18
Gigo Jara,6,9
Keith Jardine,17,11
Brock Jardine,12,6
Josh Jarvis,1,4
Rony Jason,14,7
Jasmine Jasudavicius,10,3
Louis Jauregui,4,2
Yazmin Jauregui,11,1
Justin Jaynes,16,8
Joanna Jedrzejczyk,16,5
Aaron Jeffery,10,3
Trent Jenkins,0,4
Bubba Jenkins,11,4
Adrienna Jenkins,19,6
Brandon Jenkins,15,9
Jack Jenkins,12,3
Steve Jennum,2,3
Ryan Jensen,21,8
Kyle Jensen,4,11
Chan-Mi Jeon,5,2
Maciej Jewtuszko,12,3
Ronald Jhun,24,26
Baergeng Jieleyisi,12,4
Gilbert Jimenez,8,12
Art Jimmerson,0,1
Ryan Jimmo,19,5
Jinensibieke Asikeerbai,36,11
Jiniushiyue,13,3
Sung Bin Jo,9,1
Carls John De Tomas,6,2
Phil Johns,30,14
Brett Johns,17,2
Miles Johns,13,2
Anthony Johnson,22,6
DaMarques Johnson,15,15
Devin Johnson,1,1
Travis Johnson,0,1
Ricky Johnson,10,6
Tony Johnson,11,3
Lavar Johnson,18,10
Demetrious Johnson,27,3
Michael Johnson,23,19
Deshaun Johnson,6,9
Kajan Johnson,23,13
Dashon Johnson,9,2
Timothy Johnson,12,4
Jordan Johnson,10,0
Taylor Johnson,5,1
Chad Johnson,6,2
Jose Johnson,16,8
Charles Johnson,14,6
Brian Johnston,5,5
Liana Jojua,8,5
Daniel Jolly,5,3
Paul Jones,11,1
Jon Jones,27,1
Nathan Jones,0,1
Marcus Jones,4,2
Carlton Jones,1,4
Jesse Jones,2,1
Tito Jones,11,8
Roy Jones,7,5
Justin Jones,9,2
Ben Jones,4,4
Victor Jones,1,3
Chris Jones,10,5
Roshaun Jones,2,6
Jamelle Jones,7,5
Antonio Jones,6,1
Trevin Jones,13,10
Mason Jones,11,2
Craig Jones,0,0
Jacobi Jones,6,2
Jocelyn Jones-Lybarger,6,4
Kevin Jordan,11,9
Joe Jordan,49,14
Shawn Jordan,19,8
Ivan Jorge,27,7
Scott Jorgensen,15,12
Gareth Joseph,9,5
Dwight Joseph,5,0
Jeff Joslin,5,3
Krzysztof Jotko,24,6
Alan Jouban,17,7
Charles Jourdain,15,7
Kevin Jousset,10,2
Mike Joy,11,8
Dustin Joynson,5,0
Tony Juarez,1,12
Jesse Juarez,23,12
Anshul Jubli,7,1
Carli Judice,3,1
Steve Judson,0,2
Luke Jumeau,13,5
Bu-Kyung Jung,0,4
Chan Sung Jung,17,8
Young Sam Jung,4,8
Da Woon Jung,15,5
Scott Junk,8,3
Myles Jury,17,4
Cristiane Justino,21,2
Patrick Kaase,1,2
Emily Kagan,3,3
Oron Kahlon,16,1
Kaiwen,12,6
Sirwan Kakai,12,5
Saidyokub Kakhramonov,10,3
Geza Kalman,4,9
Bryson Kamaka,12,20
Kai Kamaka,8,4
Shuya Kamikubo,13,2
Martin Kampmann,20,7
Koya Kanda,12,5
Bharat Kandare,5,3
Hiromitsu Kanehara,19,27
Masanori Kanehara,26,12
Ken Kaneko,0,3
Denis Kang,35,16
Kyung Ho Kang,19,10
Manel Kape,19,6
David Kaplan,3,4
Kai Kara-France,24,11
Georgi Karakhanyan,26,7
Alex Karalexis,10,6
Ernesta Kareckaite,5,0
Impa Kasanganay,9,2
Jinnosuke Kashimura,4,2
Nadia Kassem,5,2
Yusuke Kasuya,9,3
Tetsuji Kato,20,10
Hisaki Kato,8,2
Brad Katona,15,3
Calvin Kattar,23,7
Sarah Kaufman,18,4
Yusuke Kawaguchi,18,12
Canaan Kawaihae,6,2
Tatsuya Kawajiri,36,11
Ryo Kawamura,18,9
Doug Kay,0,0
Toshiomi Kazama,10,4
Julie Kedzie,16,13
Ryan Keenan,6,2
CJ Keith,8,4
Chris Kelades,9,3
Brian Kelleher,24,15
Mayana Kellem,7,1
Tony Kelley,8,3
Paul Kelly,14,5
John Kelly,5,4
Daniel Kelly,13,4
Tim Kennedy,18,6
Steve Kennedy,24,8
Jeremy Kennedy,11,1
Waylon Kennell,6,2
Casey Kenney,16,4
Maimaitituoheti Keremuaili,26,11
Aurelijus Kerpe,11,22
Mark Kerr,15,11
Will Kerr,9,3
Ron Keslar,11,9
Rustam Khabilov,24,4
Adam Khaliev,6,0
Sergey Khandozhko,28,6
Sergei Kharitonov,26,6
Alfred Khashakyan,8,3
Aliaskhab Khizriev,14,0
WonBin Ki,17,9
Pannie Kianzad,17,7
Akira Kikuchi,16,4
Katsunori Kikuno,24,8
Sanae Kikuta,31,9
Jacob Kilburn,8,4
Dong Hyun Kim,22,4
Jin Oh Kim,0,4
Dae Won Kim,11,7
Jong Wang Kim,13,23
Jong Won Kim,0,1
Min Soo Kim,3,7
Jong Man Kim,23,11
Ji Yeon Kim,9,7
MinWoo Kim,10,2
HanSeul Kim,13,5
KyeungPyo Kim,11,4
Sangwook Kim,9,3
SangWon Kim,10,6
So Yul Kim,8,1
Jeremy Kimball,15,8
Rob Kimmons,25,9
Dustin Kimura,11,3
Taiei Kin,6,3
Mike King,5,1
Kyle Kingsbury,11,6
Yusaku Kinoshita,6,3
Kamuela Kirk,12,6
Yurij Kiseliov,5,4
Justine Kish,7,4
Koji Kitao,1,2
Satoru Kitaoka,40,14
Top Noi Kiwram,9,5
Ludovit Klein,21,4
Seth Kleinbeck,8,4
Stefan Klever,6,1
Felix Klinkhammer,7,0
Drakkar Klose,14,2
Michael Knaap,18,22
Kevin Knabjian,12,7
Jason Knight,20,5
William Knight,11,5
Josefine Knutsson,7,0
Isao Kobayashi,21,4
Kelly Kobold,19,3
Erik Koch,16,6
Sokun Koh,4,1
Shingo Kohara,1,0
Brad Kohler,12,15
Charlie Kohler,8,4
Tsuyoshi Kohsaka,27,19
Kaloyan Kolev,10,1
John Kolosci,15,9
Yuki Kondo,60,33
Syuri Kondo,6,3
Cheick Kongo,27,10
Andrei Kopylov,6,11
Roman Kopylov,12,3
Bruno Korea,7,3
Andrey Koreshkov,19,2
Josh Koscheck,17,11
Steven Koslow,6,1
Naoyuki Kotani,34,14
Ilya Kotau,1,2
Iouri Kotchkine,7,4
Matt Kovacs,12,16
Marcus Kowal,3,1
Karolina Kowalkiewicz,16,7
Steve Kozola,8,0
Derrick Krantz,22,12
James Krause,28,9
Pascal Krauss,11,2
Rene Kronvold,5,1
Kaynan Kruschewsky,15,2
Jorgen Kruth,5,0
Nikita Krylov,30,9
Mariusz Ksiazkiewicz,8,1
Junya Kudo,10,7
John Kuhner,1,2
Michael Kuiper,15,5
Anton Kuivanen,24,10
Maiju Kujala,6,3
Sumit Kumar,8,1
Aleksei Kunchenko,20,2
Rizvan Kuniev,11,2
Keigo Kunihara,3,2
Kiichi Kunimoto,18,7
Leo Kuntz,18,4
Korey Kuppe,8,4
Ramazan Kuramagomedov,8,0
Tsuyoshi Kurihara,10,8
Eldari Kurtanidze,0,1
Kyle Kurtz,7,5
Guram Kutateladze,12,4
Lina Kvokov,0,3
Kaleo Kwan,11,16
Jarrod Kwitty,2,2
Mike Kyle,22,14
Achmed Labasanov,7,4
Josh LaBerge,11,6
Jeremiah Labiano,11,5
Daniel Lacerda,11,6
Luan Lacerda,12,3
Kemran Lachinov,3,2
Aspen Ladd,9,3
Ryan LaFlare,14,3
Corinne Laframboise,8,4
Ben Lagman,6,5
Noad Lahat,11,2
Tina Lahdemaki,5,1
Yohan Lainesse,9,3
Tim Lajcik,7,6
Todd Lally,2,1
Sean Lally,7,3
Ricardo Lamas,20,8
Jason Lambert,26,13
Jose Landi-Jons,29,16
Nate Landwehr,17,5
Austen Lane,12,4
Aaron Lanfranco,5,1
Jeremy Lang,21,2
Lionel Lanham,5,1
Lina Lansberg,10,8
Taylor Lapilus,19,4
Chad Laprise,13,4
Anthony Lapsley,23,7
TJ Laramie,12,5
Icho Larenas,6,5
Lorenz Larkin,18,6
Jeremy Larsen,8,5
Brock Larson,42,10
Ryan Larson,6,2
Bobby Lashley,15,2
Ilir Latifi,17,9
Sione Latu,1,0
Jenel Lausa,7,5
Joe Lauzon,28,16
Dan Lauzon,17,6
Sandra Lavado,10,3
Chatt Lavender,9,7
Muhammed Lawal,21,6
Robbie Lawler,30,16
Tom Lawlor,10,6
Justin Lawrence,10,4
Lance Lawrence,4,1
Ronnie Lawrence,8,2
Eric Lawson,9,5
Jimmy Lawson,4,2
Valmir Lazaro,15,5
Zviad Lazishvili,13,1
Mounir Lazzez,11,3
Cung Le,9,3
Thanh Le,6,1
Jordan Leavitt,11,3
Jerome LeBanner,3,2
Chris Leben,22,11
Mickael Lebout,16,7
Stephen Ledbetter,8,3
Justin Ledet,9,4
James Lee,15,3
David Lee,12,10
Jackie Lee,0,1
Eun Soo Lee,17,4
Tae Hyun Lee,1,2
Tommy Lee,25,6
Matt Lee,14,10
Imani Lee,2,4
Vaughan Lee,14,13
Kevin Lee,18,8
Rocky Lee,3,2
Andrea Lee,13,9
JeongYeong Lee,11,1
JungHyun Lee,8,1
ChangHo Lee,9,1
Ricky Legere Jr.,14,4
Sherron Leggett,21,6
Cheyden Leialoha,6,0
Claudia Leite,8,3
Thales Leites,28,9
Stefan Leko,0,3
Gabe Lemley,13,9
Amanda Lemos,14,3
Giacomo Lemos,6,0
Christophe Leninger,3,4
Jesse Lennox,14,4
Jean Francois Lenogue,16,17
Nik Lentz,30,12
Alberta Cerra Leon,0,1
Victoria Leonardo,9,6
Anthony Leone,15,8
Chad Leonhardt,9,4
Kimo Leopoldo,10,7
Michael Lerma,0,1
Lukasz Les,8,3
Brock Lesnar,5,3
Frank Lester,11,6
Valerie Letourneau,8,6
Leah Letson,5,3
Justin Levens,10,7
Marcus LeVesseur,22,7
David Levicki,1,3
Kyle Levinton,0,3
Natan Levy,8,1
John Lewis,3,4
Derrick Lewis,27,12
Bevon Lewis,7,3
Brandon Lewis,6,2
Malik Lewis,6,2
Chi Lewis-Parry,7,0
Li Jingliang,19,8
Liang Na,19,7
Jess Liaudin,20,11
Chuck Liddell,21,8
Rodrigo Lidio,12,3
Sam Liera,12,10
Zach Light,9,11
Scott Lighty,6,2
Chris Liguori,15,10
Donnie Liles,17,7
Jae Suk Lim,17,6
Hyun Gyu Lim,13,7
Juliana Lima,9,5
Dhiego Lima,17,9
Douglas Lima,29,6
Mabelly Lima,7,1
Andre Lima,7,0
Miguel Linares,2,4
Emiliano Linares,8,2
Matt Lindland,22,9
Jake Lindsey,12,7
John Lineker,31,9
Austin Lingo,9,3
Lucio Linhares,19,8
Philipe Lins,17,5
Ariane Lipski,17,8
Tainara Lisboa,7,2
Dean Lister,13,7
Wesley Little,4,8
James Llontop,14,2
Abner Lloveras,20,9
Brian Lo-A-Njoe,6,10
John Lober,5,9
Artem Lobov,13,15
Dylan Lockard,6,2
Sean Loeffler,31,5
Christian Lohsen,4,2
David Loiseau,23,11
Hector Lombard,34,10
Michael Lombardo,11,2
Rocky Long,21,37
Thomas Longacre,6,1
Loma Lookboonmee,9,3
Ange Loosa,10,3
Lucas Lopes,29,19
Dileno Lopes,19,3
Diego Lopes,23,6
Bruno Lopes,11,1
Ivan Lopez,14,3
Steve Lopez,13,6
Federico Lopez,10,6
Jorge Lopez,11,5
Christopher Lopez,9,1
Matthew Lopez,10,4
Benito Lopez,10,2
Gustavo Lopez,12,6
Brendan Loughnane,17,3
Nate Loughran,11,2
Caolan Loughran,8,1
Rashard Lovelace,4,1
Ian Loveland,18,10
Jakob Lovstad,11,4
Waylon Lowe,16,7
Brandon Lowe,2,1
Joe Lowry,9,2
Lu Kai,8,5
Lu Zhengyong,12,7
Robert Lucarelli,0,1
Matt Lucas,15,3
Cleber Luciano,14,6
Stephanie Luciano,5,1
Iasmin Lucindo,15,5
Duane Ludwig,21,14
Mike Lullo,8,3
Dalcha Lungiambula,11,6
Alexandru Lungu,14,4
Vicente Luque,22,9
Thaddeus Luster,0,1
Travis Lutter,10,6
Tucker Lutz,12,4
Lv Zhenhong,16,6
Stevie Lynch,5,2
Adam Lynn,17,10
Chris Lytle,31,18
Dong Hyun Ma,16,11
Pawan Maan,7,3
William Macario,9,3
Jason MacDonald,25,16
Rob MacDonald,5,4
Rory MacDonald,19,4
Ryan MacDonald,10,2
Clayton MacFarlane,4,1
Ilima Macfarlane,6,0
Valesca Machado,8,3
Caio Machado,8,2
Lyoto Machida,24,8
War Machine,14,5
Anthony Macias,26,18
Pauline Macias,4,1
Reza Madadi,14,6
Don Madge,9,3
Ryan Madigan,5,3
Victor Madrigal,15,5
Jon Madsen,8,2
Mark Madsen,12,2
Yoshiro Maeda,35,16
Leonardo Mafra,13,4
Vinny Magalhaes,14,9
Vinicius Magalhaes,2,1
Caio Magalhaes,10,3
Bernardo Magalhaes,13,4
Eric Magana,1,1
Brandon Magana,6,2
Angela Magana,11,9
Neil Magny,29,12
Raimond Magomedaliev,10,2
Ibragim Magomedov,22,8
Rashid Magomedov,20,2
Ruslan Magomedov,14,1
Abus Magomedov,25,6
Shara Magomedov,12,0
Zabit Magomedsharipov,18,1
John Maguire,24,9
Lolohea Mahe,10,4
Michelle Maher,1,2
Maheshate,9,3
Bill Mahood,20,7
Klayton Mai,8,3
Demian Maia,28,11
Jennifer Maia,21,10
Nayara Maia,7,1
Roshan Mainam,6,3
Levan Makashvili,15,2
John Makdessi,18,9
Islam Makhachev,25,1
Aliev Makhmud,0,1
Zach Makovsky,20,8
Azat Maksum,17,1
Jeremy Malaterre,4,2
Fabio Maldonado,23,11
Marvin Maldonado,2,4
Bea Malecki,4,1
Nazareno Malegarie,28,4
Carl Malenko,6,4
Jacob Malkoun,7,3
Mike Malott,10,2
Dan Manasoiu,0,0
Troy Mandaloniz,3,2
Nate Maness,15,3
Michael Mangan,0,3
Gary Mangat,15,3
Melvin Manhoef,30,14
Melchor Manibusan,2,4
Jon Manley,9,4
Steve Mann,12,5
Marnic Mann,6,2
Dylan Mantello,7,3
Chris Manuel,9,7
Jimi Manuwa,17,6
Cristiano Marcello,13,6
Daniel Marcos,15,0
Jose Maria,37,7
Marcos Mariano,6,6
Enrique Marin,10,4
Chepe Mariscal,15,6
Ronny Markes,17,5
Rory Markham,17,6
Randa Markos,11,12
Christina Marks,8,9
Nate Marquardt,35,19
Danilo Marques,11,4
Julian Marquez,9,4
Carmelo Marrero,16,6
Cesar Marscucci,3,2
John Marsh,8,7
CJ Marsh,5,7
Eliot Marshall,10,4
Doug Marshall,18,8
David Marshall,8,4
Francis Marshall,7,2
Jack Marshman,23,10
Terry Martin,23,11
Eric Martin,0,1
Justin Martin,4,3
Dave Martin,0,2
Joe Martin,6,8
Anthony Rocco Martin,17,6
Mallory Martin,7,5
Michal Martinek,7,1
Rainy Martinez,0,2
Danny Martinez,21,8
Alonzo Martinez,42,20
Henry Martinez,9,4
Jonathan Martinez,19,4
Poppies Martinez,29,11
Andrew Martinez,9,6
Mana Martinez,10,4
Victor Martinez,13,5
Roque Martinez,15,8
Melissa Martinez,7,1
Wagner da Conceicao Martins,9,8
Adriano Martins,28,9
Lucas Martins,19,3
Max Martyniouk,1,1
Bristol Marunde,16,10
Shoji Maruyama,12,9
Kazuma Maruyama,11,7
Mike Massenzio,13,9
Jameel Massouh,26,9
Tiffany Masters,2,1
Jorge Masvidal,35,17
Al Matavao,8,3
Tateki Matsuda,13,8
Daijiro Matsui,13,29
Koichiro Matsumoto,15,3
Jean Matsumoto,14,0
Koyomi Matsushima,13,6
Naoki Matsushita,12,16
AJ Matthews,8,7
Jake Matthews,19,7
Connor Matthews,7,1
Claudio Mattos,5,4
John Matua,1,4
Francesco Maturi,0,1
Vladimir Matyushenko,27,8
Miranda Maverick,15,5
Nick Maximov,8,2
Elaina Maxwell,7,4
Jeremy May,13,10
Jack May,9,3
Don'Tale Mayes,10,6
Gray Maynard,13,7
Brooke Mayo,0,1
Gina Mazany,7,6
Sabina Mazo,9,4
Scott McAfee,14,7
Bobby McAndrews,1,3
Michael McBride,8,3
Ian McCall,13,5
Molly McCann,14,6
Charles McCarthy,10,5
Sean McCorkle,17,7
Kris McCray,8,5
Tamdan McCrory,14,5
Rob McCullough,19,8
Justin McCully,11,5
Robert McDaniel,28,10
Michael McDonald,17,4
Scott McDonald,1,0
Josh McDonald,9,5
Miles McDonald,2,1
Justin McElfresh,6,4
Drew McFedries,12,7
Liam McGeary,12,2
Gan McGee,13,5
Court McGee,22,12
Marcus McGhee,9,1
Ryan McGillivray,12,0
Ryan McGivern,13,7
Jack McGlaughlin,1,4
Conor McGregor,22,6
Greg McIntyre,6,4
Antonio McKee,29,6
AJ McKee,8,0
Rhys McKee,10,5
Cory McKenna,8,2
Tim McKenzie,14,9
Cody McKenzie,16,10
Terrance McKinney,15,6
Brian McLaughlin,6,2
Jason McLean,6,7
Garreth McLellan,13,6
Sara McMann,13,6
James McSweeney,15,15
Charles McTorry,3,0
Daniel McWilliams,15,37
Tim Means,33,15
Yancy Medeiros,15,8
Anistavio Medeiros,19,10
Kaline Medeiros,8,5
MarQuel Mederos,9,1
Uros Medic,9,2
Todd Medina,11,9
Jason Medina,21,15
Jose Medina,11,3
Emil Meek,9,5
Sanford Alton Meeks,1,1
Gerald Meerschaert,35,17
Frank Megallon,2,3
Derrick Mehmen,19,9
Miika Mehmet,3,5
Jordan Mein,31,12
Bryce Mejia,3,1
Brian Melancon,7,3
Brandon Melendez,25,25
Gilbert Melendez,22,8
Nair Melikyan,11,0
Marcelo Mello,1,0
Fabio Mello,11,8
Vanessa Melo,11,8
Antonio Mendes,18,13
Chad Mendes,18,5
Augusto Mendes,6,2
Eddie Mendez,8,3
Mateus Mendonca,10,3
Luis Mendoza,0,1
Pietro Menga,13,0
Alonzo Menifield,15,3
Ivan Menjivar,25,12
Dave Menne,45,17
Steve Mensing,9,13
Buck Meredith,3,3
Adam Meredith,5,3
Nick Meregali,0,0
Joe Merritt,7,2
Jeremiah Metcalf,13,7
Jonathan Meunier,8,1
Yaotzin Meza,21,11
Guy Mezger,30,14
Brandon Michaels,4,14
Andreas Michailidis,13,6
David Michaud,11,3
Chris Mickle,30,21
Zachary Micklewright,15,3
Kristof Midoux,6,10
Keith Mielke,0,5
Chris Mierzwiak,5,3
Gabriel Miglioli,9,9
Bojan Mihajlovic,10,6
Billy Miles,2,2
Pat Miletich,29,7
Curtis Millender,17,5
Phillip Miller,16,0
Jason Miller,23,10
Dan Miller,14,8
Jim Miller,37,17
Cole Miller,21,11
Henry Miller,6,16
Micah Miller,20,8
Aaron Miller,14,10
Mo Miller,6,0
Juliana Miller,4,3
Eddy Millis,0,2
Che Mills,16,10
Adam Milstead,8,4
Alberto Mina,13,1
Vitaly Minakov,20,0
Darrick Minner,26,14
Mike Minniger,0,0
Ikuhisa Minowa,60,42
Carlton Minus,10,3
Stipe Miocic,20,4
Frank Mir,18,11
Juan Miranda,7,5
Mario Miranda,14,7
Vitor Miranda,12,5
Gabriel Miranda,17,6
Damir Mirenic,9,4
Kazuo Misaki,25,11
Toby Misech,9,5
Dokonjonosuke Mishima,21,7
Felix Lee Mitchell,2,7
David Mitchell,22,7
Danny Mitchell,19,9
Brad Mitchell,4,2
Clay Mitchell,1,2
Bryce Mitchell,16,3
Maurice Mitchell,11,2
Terrence Mitchell,14,4
Roman Mitichyan,8,3
Matt Mitrione,12,5
Eiji Mitsuoka,18,9
Hiromitsu Miura,12,7
Jonathan  Mix,7,4
Tomoya Miyashita,17,9
Kazuyuki Miyata,15,9
Motoki Miyazawa,7,3
Takeya Mizugaki,21,11
Mizuki,15,6
Tatsuya Mizuno,16,12
Roxanne Modafferi,25,21
Bobby Moffett,13,5
Bronson Mohika,1,1
Nate Mohr,9,7
Renato Moicano,18,5
Thiago Moises,17,7
Muhammad Mokaev,12,0
Ashkan Mokhtarian,13,3
Suman Mokhtarian,8,5
Dan Molina,13,9
Jeff Molina,11,2
Rudyard Moncayo,0,3
Hidetaka Monma,18,11
Jeff Monson,60,26
Darrell Montague,13,5
Andrew Montanez,9,12
Augusto Montano,15,3
Erick Montano,7,5
Nicco Montano,5,3
Alberto Montes,4,0
Steve Montgomery,9,5
James Moontasri,9,5
Homer Moore,26,9
Todd Moore,16,7
Nate Moore,8,4
Dustin Moore,0,2
Taylor Moore,10,5
Sergio Moraes,14,6
Marlon Moraes,23,10
Sheymon Moraes,11,4
John Moraga,19,7
Ricardo Morais,10,4
Leonardo Morales,6,2
Albert Morales,7,4
Joseph Morales,9,2
Vince Morales,11,7
Omar Morales,11,4
Michael Morales,16,0
Sarah Moras,6,8
Christian Morecraft,8,3
Joe Moreira,2,2
Richardson Moreira,7,4
Gisele Moreira,8,3
Vinicius Moreira,9,5
Jesse Moreng,9,1
Brandon Moreno,21,8
Mike Moreno,6,5
Dan Moret,13,6
Sammy Morgan,18,12
Peggy Morgan,4,4
Alexander Morgan,11,5
Alex Morono,23,9
Maryna Moroz,11,5
Sergey Morozov,19,5
Brad Morris,10,6
Scott Morris,2,1
Anthony Morrison,20,12
Jack Morrison,0,3
Harry Moskowitz,6,12
Carlos Mota,8,2
Juan Mott,3,4
Nikolas Motta,14,5
Flavio Luiz Moura,19,7
Eduarda Moura,10,0
Gegard Mousasi,42,6
Kris Moutinho,9,6
Kin Moy,8,3
Jamie Moyle,4,3
Askar Mozharov,19,13
Garrett Mueller,3,3
Lauren Mueller,5,3
Belal Muhammad,23,3
Fazlo Mulabitinovic,4,2
Quinn Mulhern,18,4
James Mulheron,11,2
Jamie Mullarkey,17,7
Jim Mullen,0,2
Pedro Munhoz,20,8
Andre Muniz,24,6
Mark Munoz,14,6
Alexander Munoz,7,2
Johnny Munoz,12,4
Andy Murad,15,2
Olivier Murad,6,0
Makhmud Muradov,26,8
Kazunari Murakami,5,5
Ryuichi Murata,8,3
Kanako Murata,12,3
Ailiya Muratbek,9,2
Vince Murdock,12,4
Samandar Murodov,8,0
Tom Murphy,8,0
Ian Murphy,1,1
Jon Murphy,6,4
Lauren Murphy,16,6
Patrick Murphy,5,3
Lerone Murphy,13,0
Lee Murray,8,2
Jesse Murray,8,4
Khalid Murtazaliev,14,2
Azamat Murzakanov,13,0
Nicholas Musoke,13,5
Andre Mussi,11,5
Magomed Mustafaev,14,4
Max Mustaki,6,3
Elvis Mutapcic,15,6
Fiona Muxlow,6,3
Ho Bae Myeon,13,5
Katsuhiko Nagata,6,7
Yuji Nagata,0,2
Greg Nagy,1,3
Logan Nail,1,1
Muhammad Naimov,11,2
Yukiya Naito,15,6
Andrews Nakahara,5,4
Rin Nakai,19,2
Kazuhiro Nakamura,21,13
Keita Nakamura,34,10
Daisuke Nakamura,28,19
Yusaku Nakamura,14,4
Rinya Nakamura,9,0
Jutaro Nakao,25,19
Yoshihiro Nakao,9,3
Yui Chul Nam,18,8
Tyson Nam,21,14
Rose Namajunas,12,6
Yasuhito Namekawa,25,16
Nad Narimani,12,4
Roger Narvaez,8,3
Fabio Nascimento,11,6
Allan Nascimento,20,6
Rodrigo Nascimento,11,1
Bobby Nash,8,4
Reza Nasri,0,1
Nasrudin Nasrudinov,9,1
Pawel Nastula,5,6
Rafael Natal,21,9
Kevin Natividad,9,4
Ismail Naurdiev,19,4
Danny Navarro,17,7
Marcio Navarro,14,14
Tafon Nchukwi,6,4
Dustin Neace,25,21
Josh Neal,5,11
Joe Neal,6,2
Geoff Neal,15,6
Stanislav Nedkov,12,2
Josh Neer,36,16
Nicolae Negumereanu,13,2
Steve Nelmark,2,1
Shane Nelson,16,7
Roy Nelson,22,14
Gunnar Nelson,19,5
Kyle Nelson,15,5
Lissette Neri,6,4
Mario Neto,13,5
Antonio Braga Neto,9,3
Eduardo Neves,7,2
Julio Cesar Neves Jr.,33,1
Nick Newell,14,2
Journey Newson,10,5
Jeff Newton,4,2
Carlos Newton,16,14
Emanuel Newton,26,12
Francis Ngannou,17,3
Ben Nguyen,16,8
Steven Nguyen,9,1
Alex Nicholson,7,4
Bo Nickal,5,0
Mike Nickels,9,5
Matheus Nicolau,19,4
Jaimelene Nievera,7,4
Khomkrit Niimi,6,10
Tom Niinimaki,22,8
Ramsey Nijem,9,6
Hans Nijman,9,7
Fedor Nikolov,0,0
Jack Nilson,2,6
Mats Nilsson,11,4
Guangyou Ning,5,4
Soichi Nishida,5,10
Yosuke Nishijima,0,5
Yamato Nishikawa,21,3
Akiyo Nishiura,13,8
Anthony Njokuani,16,12
Chidi Njokuani,22,10
Derrick Noble,27,15
Kyle Noblitt,11,2
Pedro Nobre,18,4
Jacob Noe,3,11
Antonio Rodrigo Nogueira,34,10
Rogerio Nogueira,23,10
Alexandre Franca Nogueira,18,6
Talita Nogueira,6,0
Kyle Noke,22,10
Tom Nolan,6,1
Nick Nolte,5,4
KJ Noons,13,9
Sage Northcutt,11,2
Jan Nortje,2,6
Scott Norton,7,1
Shohei Nose,10,4
Jonatas Novaes,13,5
Jason Novelli,11,3
Phillipe Nover,11,8
Taiyilake Nueraji,9,1
Shayilan Nuerdanbieke,39,11
Diego Nunes,19,7
Amanda Nunes,23,5
Nina Nunes,11,7
Istela Nunes,6,5
Josiane Nunes,10,1
Khabib Nurmagomedov,29,0
Said Nurmagomedov,18,3
Abubakar Nurmagomedov,17,4
Umar Nurmagomedov,17,0
Kennedy Nzechukwu,12,4
Jake O'Brien,15,4
TJ O'Brien,20,8
Sean O'Connell,17,9
Dan O'Connor,6,6
Sean O'Haire,4,2
Sean O'Malley,17,1
Jeremiah O'Neal,13,25
Chuck O'Neil,17,9
Casey O'Neill,9,2
Brendan O'Reilly,6,3
Takahiro Oba,5,7
Nobuhiro Obiya,12,5
Christian Ocon,2,1
Richard Odoms,13,3
Volkan Oezdemir,19,7
Naoya Ogawa,7,2
Trey Ogden,16,6
Andy Ogle,9,6
Ho Taek Oh,7,2
Michiyoshi Ohara,0,2
Koji Oishi,25,10
Takayuki Okada,3,3
Yushin Okami,34,12
JJ Okanovich,7,1
Bolaji Oki,9,1
Kazuki Okubo,7,9
Masakatsu Okuda,8,5
Aleksei Oleinik,60,17
Michal Oleksiejczuk,19,6
Rafaello Oliveira,17,8
Charles Oliveira,34,9
Jorge Oliveira,5,3
Ednaldo Oliveira,17,3
Alex Oliveira,22,12
Maria Oliveira,13,7
Bruno Oliveira,8,2
Saimon Oliveira,18,5
Vinicius Oliveira,20,3
Wendell Oliveira Marques,29,10
Ravena Oliveira,7,2
Felipe Olivieri,14,5
Andy Ologun,3,1
Shana Olsen,5,2
Casey Olson,14,5
Dennis Olson,14,11
Cameron Olson,7,3
Gadzhi Omargadzhiev,13,2
Alan Omer,20,5
Daniel Omielanczuk,19,8
Michihiro Omigawa,17,14
David Onama,11,2
Charlie Ontiveros,11,9
Chibwikem Onyenegecha,5,0
Sam Oropeza,13,3
Brian Ortega,16,3
Tito Ortiz,19,12
Jorge Ortiz,18,9
Dustin Ortiz,19,8
Kenji Osawa,20,11
Ode Osbourne,12,6
Kurt Osiander,4,1
Nick Osipczak,6,3
Nissen Osterneck,12,4
Rachael Ostovich,4,6
Pedro Otavio,19,8
Alexander Otsuka,5,13
Takafumi Otsuka,22,13
Zak Ottow,17,7
Artur Oumakhanov,9,6
Sidney Outlaw,8,4
Alistair Overeem,47,19
Valentijn Overeem,30,32
Craig Oxley,0,3
Shungo Oyama,14,19
Alptekin Ozkilic,9,5
Raquel Pa'aluhi,6,5
Nick Pace,8,3
Larissa Pacheco,10,2
Angel Pacheco,7,2
Teemu Packalen,8,3
George Pacurariu,10,5
Cyrillo Padilha,3,3
Gary Padilla,12,6
Fernando Padilla,15,5
Damacio Page,19,10
Michael Page,21,2
Dustin Pague,12,11
Josh Paiva,8,2
Raulian Paiva,21,5
Dinis Paiva Jr.,13,8
Fredson Paixao,10,5
Luis Pajuelo,8,1
Jose Palacios,3,2
Ricky Palacios,10,1
Bart Palaszewski,36,17
Sasha Palatnikov,6,4
Soa Palelei,22,5
Rousimar Palhares,19,8
Tulio Palhares,2,16
Stephen Palling,11,7
Eduardo Pamplona,16,4
Yuri Panferov,6,1
Alexandre Pantoja,27,5
Jared Papazian,20,13
Kathryn Paprocki,3,2
Joe Pardo,4,6
Bryan Pardoe,13,16
Remco Pardoel,9,6
Ido Pariente,13,6
Josh Parisian,15,7
Karo Parisyan,24,11
Won Sik Park,11,7
JunYong Park,17,6
Harvey Park,12,3
HyunSung Park,9,0
Jae Hyun Park,6,2
Norman Parke,23,6
Ryan Parker,0,1
Larry Parker,13,6
Tyra Parker,4,5
Mick Parkin,8,0
Willie Parks,5,2
Jordan Parsons,11,2
Preston Parsons,11,4
Jonny Parsons,9,3
Onassis Parungao,2,1
Ramona Pascual,6,5
Billy Pasulatan,10,3
Jhonoven Pati,6,4
Windri Patilima,8,1
Jorge Patino,38,19
Russell Patrick,6,4
Claude Patrick,14,2
Alan Patrick,15,4
Michael Patt,12,4
Justin Patterson,9,3
Sam Patterson,11,2
Zac Pauga,7,3
Julio Paulino,23,5
Thomas Paull,11,4
Sergei Pavlovich,18,2
Pawel Pawlak,12,3
Estevan Payan,16,12
Sarah Payant,1,4
Roland Payne,0,1
Jonathan Pearce,14,5
Joe Pearson,45,30
Ross Pearson,20,16
Andre Pederneiras,1,1
Carlo Pedersoli Jr.,11,3
Matt Pedro,3,1
Tyson Pedro,10,5
Trevor Peek,9,1
Willie Peeters,9,10
Filip Pejic,12,2
Kurt Pellegrino,16,7
Yan Pellerin,11,13
Julianna Pena,12,5
Luis Pena,9,3
Felipe Pena,0,0
Matej Penaz,6,1
Sherman Pendergarst,11,18
Drew Pendleton,5,0
Cathal Pendred,17,4
BJ Penn,16,14
Jessica Penne,14,8
Nick Penner,11,3
Justin Pennington,3,3
Raquel Pennington,16,9
Jerron Peoples,4,3
Godofredo Pepey,13,6
Ray Perales,13,22
Robert Peralta,18,8
Viviane Pereira,13,2
Michel Pereira,29,11
Alex Pereira,9,2
Daniel Pereira,9,2
Luciano Pereira,13,1
Rolando Perez,7,5
Philip Perez,7,5
Erik Perez,17,6
Alejandro Perez,23,9
Frankie Perez,10,4
Jose Perez,1,0
Alex Perez,24,8
Markus Perez,12,5
Ailin Perez,9,2
Anthony Perosh,15,10
Thiago Perpetuo,9,4
Hernani Perpetuo,18,5
Jay Perrin,10,7
Mike Perry,14,8
Raphael Pessoa,10,2
Viktor Pesta,10,4
Leiticia Pestova,0,2
Tony Petarra,2,3
Tommy Petersen,2,3
Thomas Petersen,8,2
Cory Peterson,2,1
Steven Peterson,19,11
Vitor Petrino,11,0
Andre Petroski,10,3
Armen Petrosyan,9,3
Ivana Petrovic,6,1
Seth Petruzelli,14,8
Peter Petties,5,3
Anthony Pettis,24,10
Sergio Pettis,18,5
Forrest Petz,26,10
Dino Pezao,1,3
Cody Pfister,13,6
Nam Phan,21,17
Constantinos Philippou,13,5
Wayne Phillips,7,7
Dave Phillips,13,7
Aaron Phillips,12,5
Elizabeth Phillips,6,6
John Phillips,22,11
Kyler Phillips,11,2
Mario Piazzon,8,0
Nick Pica,5,1
Adam Piccolotti,9,0
Vinc Pichel,14,3
Brad Pickett,25,14
Jamie Pickett,13,11
Fabiola Pidroni,5,0
Oskar Piechota,11,3
Nick Piedmont,12,7
Mike Pierce,17,7
Joao Pierini,4,1
Sean Pierson,14,6
Domingo Pilarte,8,3
Paddy Pimblett,21,3
Daniel Pineda,28,15
Jesus Pinedo,16,5
Pingyuan Liu,13,7
Luana Pinheiro,11,2
Gaetano Pirrello,15,7
Maki Pitolo,13,9
Dmitry Poberezhets,24,5
Jamal Pogues,11,4
Ross Pointon,6,17
Dustin Poirier,29,8
Igor Pokrajac,28,13
John Polakowski,2,2
Julia Polastri,12,3
Brandon Polcare,1,1
Mike Polchlopek,1,1
Santiago Ponzinibbio,30,7
Grigory Popov,13,3
Alexander Poppeck,9,3
Felipe Portela,9,2
Parker Porter,14,9
Ihor Potieria,20,5
Callan Potter,18,9
Dylan Potter,10,6
Ruan Potts,11,6
Devin Powell,9,4
Marcin Prachnio,17,7
Wagner Prado,12,3
Francisco Prado,12,2
Trevor Prangley,34,11
Ricardo Prasel,10,2
Carlo Prater,31,18
Carlos Prates,18,6
Michel Prazeres,26,4
Philip Preece,10,14
Kyle Prepolec,12,7
Dorian Price,8,5
Chris Price,19,4
Niko Price,15,7
Shane Primm,5,5
Brent Primus,8,0
Jiri Prochazka,29,4
Lara Procopio,7,2
Joe Proctor,11,5
Cole Province,6,2
Daniel Puder,8,0
Lucie Pudilova,14,9
Claudio Puelles,13,4
Juan Puerta,23,6
Bubba Pugh,3,3
Juan Manuel Puig,11,4
Hugh Pulley,6,3
Josh Pulsifer,17,8
Jens Pulver,27,19
CM Punk,0,1
Joe Pyfer,12,3
Mike Pyle,27,14
Qiu Lun,16,9
Bao Quach,19,10
Gary Quan,3,5
Billy Quarantillo,18,5
Nate Quarry,12,4
Vinicius Queiroz,8,4
Jimmy Quinlan,3,1
Josh Quinlan,6,2
Ryan Quinn,13,7
Michel Quinones,8,3
Landon Quinones,7,3
Jose Quinonez,9,5
Cristian Quinonez,18,5
Benji Radach,21,7
Jordan Radev,23,5
Charles Radtke,9,3
Loik Radzhabov,18,5
Gilbert Rael,1,3
Josh Rafferty,9,8
Amir Rahnavardi,11,10
Ricky Rainey,12,6
Shavkat Rakhmonov,18,0
Sora Rakhmonova,4,1
Aleksandar Rakic,14,3
Jessica Rakoczy,1,5
Thomas Ramirez,0,1
Hector Ramirez,10,6
Matt Ramirez,2,3
Steve Ramirez,5,2
Amador Ramirez,5,4
Mitch Ramirez,8,1
Andrew Ramm,4,4
Ian Rammel,7,8
Luis Ramos,20,10
Ricardo Ramos,16,5
Davi Ramos,10,4
Vernon Ramos Ho,3,1
Kevin Randleman,17,16
Raou Raou,0,1
Mitch Raposo,5,1
Hussain Rasouli,2,3
David Rasouri,2,3
Ed Ratcliff,7,3
Bec Rawlings,7,8
Gideon Ray,17,15
Joe Ray,13,0
Stevie Ray,23,9
Keenan Raymond,3,3
Iony Razafiarison,2,1
Abdul Razak Alhassan,12,6
Antony Rea,33,15
Mateusz Rebecki,18,1
Rafael Rebello,9,4
Greg Rebello,24,8
Paul Redmond,12,7
Dennis Reed,45,62
Karl Reed,6,1
Elise Reed,7,4
John Reedy,11,6
Johnny Rees,13,5
James Reese,11,10
Zach Reese,6,1
Stephen Regman,9,4
Chad Reiner,33,18
Jason Reinhardt,20,3
Wilson Reis,23,10
Ben Reiter,17,2
Goran Reljic,15,8
Leigh Remedios,18,10
Paulo Renato Junior,12,3
Chance Rencountre,14,4
Montserrat Rendon,6,0
Marion Reneau,9,8
Solomon Renfro,8,2
John Renken,18,28
Herman Renting,1,3
Marco Polo Reyes,8,7
Dominick Reyes,12,4
Alex Reyes,13,4
Kyle Reyes,15,7
Victor Reyna,11,5
Gaston Reyno,6,2
Johnny Rhodes,2,1
Mike Rhodes,10,5
Lucrezia Ria,8,2
Amanda Ribas,12,4
Vitor Ribeiro,20,5
Will Ribeiro,10,2
Claudio Ribeiro,11,5
Brendson Ribeiro,15,6
Esteban Ribovics,12,1
Mike Ricci,11,5
Alex Ricci,10,5
Tabatha Ricci,9,2
Matt Ricehouse,6,1
John Richard,3,5
Rex Richards,7,2
Mike Richman,18,7
Dave Rickels,18,4
Haisam Rida,0,0
Brad Riddell,10,4
Matthew Riddle,8,3
Joe Riggs,44,17
Jeremiah Riggs,7,8
Aaron Riley,30,14
Jason Riley,10,7
Moise Rimbon,23,11
Jordan Rinaldi,14,7
Nick Ring,14,4
Robbie Ring,6,1
Mike Rio,10,5
Albert Rios,13,6
Rafael Rios,4,2
Maria Rios,2,3
Shannon Ritch,56,83
Diego Rivas,10,2
Jorge Rivera,20,9
Dante Rivera,16,7
Mario Rivera,6,8
Francisco Rivera,11,7
Jonathan Rivera,4,2
Jimmie Rivera,23,5
Irwin Rivera,10,6
Jerome Rivera,10,6
Nicdali Rivera-Calanoc,9,10
Pedro Rizzo,20,11
Theo Rlayang,5,1
Justin Robbins,14,18
Kali Robbins,6,3
Karl Roberson,9,6
Andre Roberts,14,2
David Roberts,5,8
Joey Roberts,4,3
Tyrone Roberts,43,12
Ryan Roberts,21,12
Taylor Roberts,3,12
Daniel Roberts,15,7
Buddy Roberts,12,3
Danny Roberts,18,8
Roosevelt Roberts,12,5
Kenny Robertson,15,5
Gillian Robertson,13,8
Chad Robichaux,13,2
Mark Robinson,1,0
Colin Robinson,10,12
Alvin Robinson,15,9
Damonte Robinson,6,1
Vagner Rocha,14,4
Carlos Eduardo Rocha,9,4
Pedro Rocha,1,0
Lucas Rocha,17,1
Keith Rockel,12,4
Luke Rockhold,16,6
Kevin Roddy,15,16
Gregory Rodrigues,15,5
Kleydson Rodrigues,8,3
Paul Rodriguez,10,9
Ricco Rodriguez,53,25
Manuel Rodriguez,11,5
Yair Rodriguez,16,5
Mike Rodriguez,11,7
Marina Rodriguez,17,3
Daniel Rodriguez,17,4
Ray Rodriguez,16,8
Ronaldo Rodriguez,17,2
Drako Rodriguez,7,3
Victor Rodriguez,7,4
Piera Rodriguez,9,1
Christian Rodriguez,10,1
Pete Rodriguez,5,2
Nick Roehrick,7,1
Marcos Rogerio de Lima,22,10
Brett Rogers,17,10
Brian Rogers,14,9
Pete Rogers Jr.,2,4
Max Rohskopf,5,1
Marcelo Rojo,16,10
Shane Roller,11,7
Jared Rollins,8,4
Tim Roman,3,4
Alexandr Romanov,17,2
Ricardo Romero,11,3
Yoel Romero,13,5
Anthony Romero,8,0
Kaleio Romero,6,2
Mara Romero Borella,12,9
Cortavious Romious,7,2
Juancamilo Ronderos,4,2
Rongzhu,25,5
Jesse Ronson,21,12
George Roop,15,13
Joao Roque,7,2
Aaron Rosa,18,6
Charles Rosa,14,8
Karol Rosa,17,6
Jacob Rosales,13,7
Raul Rosas Jr.,8,1
Hilarie Rose,4,2
Jake Rosholt,12,5
Jared Rosholt,14,4
Kevin Rosier,2,6
Zach Rosol,3,2
Shannon Ross,13,9
Nick Rossborough,26,19
Kristian Rothaermel,4,3
Ben Rothwell,39,14
Rick Roufus,4,6
Khalil Rountree Jr.,14,5
Ronda Rousey,12,2
Ray Routh,2,1
Roberta Rovel,4,1
Phil Rowe,10,4
Cameron Rowston,8,2
Kain Royer,2,2
Brad Royster,1,2
Brandon Royval,16,7
Jairzinho Rozenstruik,14,5
Mauricio Rua,27,14
Murilo Rua,20,13
Marco Ruas,9,4
Rodrigo Ruas,4,5
Rodolfo Rubio Perez,10,16
Gabe Ruediger,18,8
Mauricio Ruffy,9,1
Eddie Ruiz,1,1
Anthony Ruiz,33,22
Paul Ruiz,7,4
Montserrat Conejo Ruiz,10,4
Mike Russow,15,3
Bas Rutten,28,4
Nursulton Ruziboev,35,8
Casey Ryan,7,3
Yusup Saadulaev,16,4
Cameron Saaiman,9,1
Pete Sabala,3,15
Danny Sabatello,9,1
Pat Sabatini,18,5
Amir Sadollah,6,5
Nazim Sadykhov,9,1
Frankie Saenz,13,7
Saparbeg Safarov,9,3
Tarec Saffiedine,16,7
Jason Saggo,12,4
Benoit Saint Denis,13,1
Ovince Saint Preux,26,17
Lukasz Sajewski,13,3
Yukio Sakaguchi,6,7
Augusto Sakai,16,5
Alessio Sakara,19,11
Wataru Sakata,11,14
Gokhan Saki,1,2
Kazushi Sakuraba,26,17
Hayato Sakurai,38,13
Ryuta Sakurai,24,24
Justin Salas,12,7
Ivan Salaverry,14,9
Roman Salazar,10,6
Luis Saldana,16,7
John Salgado,4,8
Muslim Salikhov,19,5
Gabriel Salinas-Jones,5,2
Brandon Saling,8,6
Quillan Salkilld,4,1
Sean Salmon,18,21
Boston Salmon,6,3
John Salter,14,3
Vinicius Salvador,14,6
Dylan Salvador,5,2
Josh Samman,13,4
Johnny Sampaio,3,1
Josh Sampo,11,5
Josh San Diego,8,3
Diego Sanchez,31,13
Eddie Sanchez,15,8
Julian Sanchez,0,1
Bobby Sanchez,10,35
Donald Sanchez,31,17
Joby Sanchez,11,4
Emmanuel Sanchez,15,3
Erick Sanchez,8,3
Andrew Sanchez,13,7
Robert Sanchez,8,2
Jesse Sanders,23,7
Luke Sanders,13,5
Jerrod Sanders,16,3
Cory Sandhagen,17,4
Hugo Sandoval,2,3
Raul Sandoval,3,3
Joseph Sandoval,7,7
Hector Sandoval,14,4
Chris Sanford,5,1
Roldan Sangcha'an,4,2
Yuhi Sano,0,4
Martin Sano,4,3
Jonathan Santa Maria,3,4
Duda Santana,3,1
Shaheen Santana,6,1
Sean Santella,17,6
Jorge Santiago,25,12
Mike Santiago,19,12
Will Santiago,9,5
Richie Santiago,7,2
Jose Santibanez,10,3
Art Santore,18,8
Adriano Santos,0,1
Paulo Santos,0,3
Evangelista Santos,21,18
Luis Santos,63,10
Iliarde Santos,30,13
Leonardo Santos,18,7
Thiago Santos,22,11
Bruno Santos,15,2
Andre Santos,38,10
Gleristone Santos,33,7
Yana Santos,14,8
Taila Santos,19,3
Marilia Santos,10,3
Edivan Santos,12,3
Daniel Santos,12,2
Gabriel Santos,10,2
Luana Santos,7,1
Nick Sanzo,1,1
Bob Sapp,11,20
Daniel Sarafian,10,6
Jeka Saragih,14,3
Diego Saraiva,22,20
Harris Sarmiento,36,26
Alexander Sarnavskiy,35,6
Yuki Sasaki,25,22
Kyosuke Sasaki,3,7
Yuta Sasaki,21,6
Paul Sass,14,2
Keisuke Sasu,11,3
Masaaki Satake,1,8
Takenori Sato,19,11
Takashi Sato,16,7
Jeimeson Saudino,8,5
Tom Sauer,25,12
Townsend Saunders,0,2
Ben Saunders,22,13
Chad W. Saunders,7,2
Chris Saunders,16,8
Lumumba Sayers,6,5
Matt Sayles,8,4
Brandon Sayles,5,1
Mark Scanlon,9,2
Eric Schafer,14,8
Kerry Schall,24,13
Eric Schambari,15,6
Brendan Schaub,10,5
Matheus Scheffel,14,7
Antonio Schembri,5,5
Fabiano Scherner,11,10
Samy Schiavo,10,6
Pat Schilling,5,2
Joe Schilling,2,5
Semmy Schilt,26,14
Adam Schindler,10,6
Daniel Schmitt,2,3
Colleen Schneider,11,7
Matt Schnell,16,8
Alex Schoenauer,15,10
Darrill Schoonover,14,8
Bob Schrijber,20,17
Nate Schroeder,11,10
Lacey Schuckman,11,10
Mark Schultz,1,1
Brian Schwartz,1,1
Eric Schwartz,2,0
Justin Scoggins,11,5
Brad Scott,11,6
Greg Scott,3,4
Mike Seal,13,15
Matt Secor,8,4
Kenneth Seegrist,4,7
Neil Seery,16,13
Rony Sefo,0,2
Ray Sefo,2,2
Brendan Seguin,23,19
Tetsuya Seki,14,8
Stefan Sekulic,12,4
Pete Sell,10,7
Matthew Semelsberger,11,7
Andrei Semenov,34,9
Mackens Semerzier,8,4
Brandon Sene,2,2
YeDam Seo,6,3
Kim In Seok,3,6
Ray Seraille,8,9
Ivan Serati,12,4
Alex Serdyukov,8,5
Nicholas Sergiacomi,1,1
Matt Serra,11,7
Nick Serra,7,3
Adrian Serrano,56,29
Fredy Serrano,3,2
Carl Seumanutafa,10,8
Dan Severn,101,19
Rosi Sexton,13,5
Scott Shaffer,0,1
Edmen Shahbazyan,12,4
Leon Shahbazyan,7,2
Don Shainis,12,5
Liliya Shakirova,8,2
Kamal Shalorus,9,5
Ken Shamrock,28,17
Frank Shamrock,23,10
Shang Zhifa,32,8
Jason Sharp,3,3
Eric Shelton,12,6
Sean Sherk,36,4
Chase Sherman,16,12
Valentina Shevchenko,23,4
Antonina Shevchenko,10,4
Katsuyori Shibata,4,11
Jake Shields,31,9
Henrique Shiguemoto,13,4
Shunichi Shimizu,30,18
Wade Shipp,11,5
Raja Shippen,18,11
Yuya Shirai,26,14
Wes Shivers,7,1
Alexander Shlemenko,56,9
Josh Shockley,11,4
Josh Shockman,6,3
Akira Shoji,14,17
Liudvik Sholinian,9,4
Jack Shore,17,1
Landon Showalter,11,19
Ivan Shtyrkov,15,0
Brandon Shuey,7,6
Ronal Siahaan,7,1
Sam Sicilia,15,8
Kiril Sidelnikov,11,4
Serhiy Sidey,10,2
Steven Siler,29,16
Siala Siliga,12,5
Xavier Siller,5,5
Assuerio Silva,16,8
Anderson Silva,34,11
Wanderlei Silva,35,13
Thiago Silva,19,6
Paulo Cesar Silva,2,6
Jean Silva,12,2
Edson Silva,14,12
Sidney Silva,8,4
Jay Silva,10,11
Antonio Silva,19,12
Fabio Silva,1,8
Erick Silva,19,9
Leandro Silva,20,6
Claudio Silva,14,4
Wagner Silva,6,3
Rafael Silva,28,6
Joaquim Silva,13,5
Felipe Silva,8,2
Dayana Silva,7,4
Bruno Silva,23,10
Gabriel Silva,8,2
Jacob Silva,6,4
Natalia Silva,17,5
Jansey Silva,7,2
Maria Silva,8,1
Karine Silva,17,4
Erik Silva,9,3
Janaina Silva,5,1
Jhonata Silva,8,2
Danny Silva,7,1
Douglas Silva de Andrade,29,5
Leonardo Silva de Oliveira,12,4
Marcus Silveira,6,4
Elias Silverio,13,3
Sim Kai Xiong,5,1
Jamey Simmons,7,4
Ricky Simon,20,5
Aaron Simpson,12,5
Wes Sims,24,14
Marlon Sims,3,4
Tony Sims,12,4
Everett Sims,4,1
Lodune Sincaid,15,9
Rob Sinclair,13,5
Rory Singer,11,9
Rana Rudra Pratap Singh,11,2
Elvis Sinosic,7,11
Mitchell Sipe,4,1
Gian Siqueira,19,5
Jeremia Siregar,6,3
AJ Siscoe,1,2
Yokthai Sithoar,0,1
Jeri Sitzes,3,1
Dennis Siver,23,11
Chas Skelly,19,3
Matt Skelton,0,1
Zach Skinner,10,11
Brian Sleeman,9,9
Joe Slick,16,5
Ray Sloan,8,1
Kestutis Smirnovas,24,8
Maurice Smith,12,14
Patrick Smith,20,17
Scott Smith,18,11
Eric Smith,1,1
Josh Smith,9,8
David Smith,5,1
Adam Smith,0,3
Dillon Smith,0,0
Trevor Smith,15,10
Anthony Smith,37,19
Colton Smith,7,4
Gilbert Smith,12,6
Leslie Smith,10,7
Devonte Smith,11,4
Cole Smith,7,2
Nate Smith,6,1
Braxton Smith,5,2
Walter Smith-Cotito,4,5
Justin Smitley,10,7
Dmitrii Smoliakov,9,3
Louis Smolka,17,9
Cameron Smotherman,8,4
Shimon Smotritsky,8,2
Richie Smullen,3,1
Devin Smyth,4,2
Denis Sobolev,4,7
Peter Sobotta,17,7
Renato Sobral,37,11
Rameau Thierry Sokoudjou,18,18
Alexander Soldatkin,14,4
Joe Solecki,13,4
Chris Solomon,0,0
Joe Son,0,4
Paul Song,2,2
Song Kenan,20,8
Song Yadong,21,7
Emrah Sonmez,14,5
Chael Sonnen,29,15
Cody Sons,3,7
Jin Soo Son,9,4
Emiliano Sordi,16,7
Sean Soriano,14,8
Punahele Soriano,9,4
Dmitry Sosnovskiy,11,0
Ben Sosoli,7,3
Krzysztof Soszynski,26,12
George Sotiropoulos,14,7
Greg Soto,9,4
Alex Soto,8,3
Joe Soto,18,7
Mario Soto,7,2
Andre Soukhamthath,13,8
Mario Sousa,15,3
Bobby Southworth,10,6
Jacare Souza,26,10
Edimilson Souza,15,5
Livinha Souza,14,4
Bruno Souza,10,3
Ketlen Souza,13,4
Charon Spain,14,26
Chris Spang,6,3
Andreas Spang,9,3
Ryan Spann,21,9
Ron Sparks,8,3
Tommy Speer,21,7
Patrick Speight,7,3
Sean Spencer,12,6
Felicia Spencer,9,3
Sam Spengler,9,5
Nick Sperling,3,4
Mario Sperry,13,4
Eric Spicely,12,6
Waachiim Spiritwolf,12,13
Daniel Spitz,6,3
Serghei Spivac,16,4
Daniel Spohn,15,6
Pete Spratt,25,23
Austin Springer,12,4
Georges St-Pierre,26,2
Bobby Stack,8,3
Andreas Stahl,10,4
Ron Stallings,14,8
Cody Stamann,21,6
Cristina Stanciu,5,2
Brian Stann,12,6
Josh Stansbury,4,8
Dion Staring,35,14
Lucas Stark,1,5
Clifford Starks,13,3
Kalib Starnes,17,11
Laureano Staropoli,9,5
Damian Stasiak,10,6
Adam Steele,0,1
Dominique Steele,14,9
Ricky Steele,6,0
Eric Steenberg,5,1
Steve Steinbeiss,9,4
Ray Steinbeiss,14,7
Dmitri Stepanov,0,1
Jeremy Stephens,28,19
Aljamain Sterling,23,4
Marc Stevens,21,10
Joe Stevenson,33,16
Maia Stevenson,6,5
Luke Stewart,6,3
Darren Stewart,12,8
Kyle Stewart,11,3
Alex Stiebling,19,11
Tyler Stinson,30,10
Dan Stittgen,12,5
Lazar Stojadinovic,12,5
Denis Stojnic,13,3
Julija Stoliarenko,11,9
Dustin Stoltzfus,15,5
Niklas Stolze,12,6
Ken Stone,11,4
Ryan Stonitsch,8,1
George Stork,7,9
Rick Story,19,9
Darko Stosic,13,4
Greg Stott,0,1
Curtis Stout,11,12
Sam Stout,20,12
Tim Stout,12,10
Jesse Strader,5,3
Gennaro Strangis,0,1
Dave Strasser,25,8
Daniel Straus,24,7
Gerald Strebendt,9,7
Sean Strickland,28,6
Mark Striegl,18,4
Hans Stringer,22,8
Stefan Struve,33,13
Josh Stuart,1,4
Mike Stumpf,11,4
Kyle Sturgeon,0,1
Tatiana Suarez,11,0
Masanori Suda,22,11
Genki Sudo,15,4
Lucasz Sudolski,8,1
Daisuke Sugie,10,8
Takashi Sugiura,1,3
Naho Sugiyuma,12,5
George Sullivan,17,7
Amar Suloev,24,7
Magomed Sultanakhmedov,18,6
Justin Sumter,7,3
Sumudaerji,16,6
Kyu Sung Kim,12,5
Rama Supandhi,8,4
Aji Susilo,6,4
Jason Suttie,0,1
Joel Sutton,2,4
Chad Sutton,2,2
Danilo Suzart,9,2
Martin Svensson,15,6
Daniel Swain,20,10
Cub Swanson,29,13
Mike Swick,15,6
Floyd Sword,12,3
Oumar Sy,6,0
Bentley Syler,5,1
Kevin Syler,10,1
Leo Sylvest,10,16
Tony Sylvester,11,3
Tim Sylvia,31,10
Kevin Szaflarski,11,2
Osamu Tachihikari,0,4
Amber Tackett,1,3
Eugenio Tadeu,2,3
Justin Tafa,7,3
Junior Tafa,5,2
Khalid Taha,13,5
Joe Taimanglo,23,7
Tatsuro Taira,15,0
Mairbek Taisumov,27,6
Nobuhiko Takada,2,6
Yoshiki Takahashi,30,27
Yoko Takahashi,15,12
Daiju Takase,12,15
Hiroyuki Takaya,21,14
Yoshihiro Takayama,1,4
Makoto Takimoto,6,5
Oleg Taktarov,17,5
Payton Talbott,7,0
Nordine Taleb,15,7
Murtaza Talha,6,1
Tsuyoshi Tamakairiki,0,3
Eli Tamez,10,0
Kiyoshi Tamura,32,13
Akitoshi Tamura,21,18
Issei Tamura,10,8
Jason Tan,5,3
Akihito Tanaka,2,2
Michinori Tanaka,11,3
Evan Tanner,32,8
Kasey Tanner,6,1
Manny Tapia,12,14
Gary Tapusoa,8,3
Miesha Tate,20,9
Deividas Taurosevicius,17,5
Thiago Tavares,21,7
Jeremy Tavares,1,6
Brad Tavares,20,10
Ramon Taveras,10,2
Paul Taylor,11,6
Jesse Taylor,31,15
Torrance Taylor,13,8
Louis Taylor,13,4
Anthony Taylor,1,3
Danielle Taylor,9,4
J.T Taylor,7,7
James Te Huna,16,9
Shawn Teed,5,2
Glover Teixeira,33,9
John Teixeira,21,2
Ewerton Teixeira,3,1
Tra Telligman,7,5
Taneisha Tennant,5,1
Herman Terrado,15,3
Dave Terrel,7,7
David Terrell,6,2
James Terry,19,9
Jeff Terry,2,3
David Teymur,8,2
Daniel Teymur,7,4
Motonobu Tezuka,28,12
Jason Thacker,0,1
Brandon Thatch,11,5
Elias Theodorou,16,3
Nik Theotikos,6,2
Paulo Thiago,18,9
Din Thomas,26,9
Ryan Thomas,20,8
Noah Thomas,14,7
Joel Thomas,5,2
Treston Thomison,10,6
Nick Thompson,38,14
James Thompson,20,16
Oli Thompson,17,10
Stephen Thompson,17,7
Josh Thomson,22,9
Simeon Thoresen,17,6
Josh Thornburg,8,8
Gleison Tibau,33,14
Chris Tickle,9,9
Nolan Ticman,4,3
Darren Till,18,5
Brett Tillis,0,0
Denis Tiuliulin,10,9
Ryan Tobar,3,3
Andrew Todhunter,8,0
Dusko Todorovic,12,4
Tuco Tokkos,7,3
Hideo Tokoro,34,29
Anatoly Tokov,25,2
Kazuki Tokudome,18,7
Tyler Toner,15,7
James Toney,0,1
Masanori Tonooka,1,2
Carl Toomey,3,3
Ilia Topuria,15,0
Anthony Torres,5,3
Miguel Torres,44,9
Ronys Torres,35,5
Haven Torres,0,0
Tecia Torres,13,6
Alex Torres,5,4
Abram Torres,4,3
Jose Torres,8,1
Desmond Torres,7,2
Manuel Torres,15,2
Eduardo Torres Caut,16,2
Salim Touahri,10,4
Dequan Townsend,21,12
Minoru Toyonaga,2,5
Slim Trabelsi,5,0
Roberto Traven,6,4
Bryan Travers,15,4
Alexander Trevino,7,7
Francisco Trevino,13,3
Angelo Trevino,7,3
Frank Trigg,21,9
Francisco Trinaldo,28,9
Damien Trites,7,6
Michael Trizano,11,3
Antonio Trocoli,12,3
Tor Troeng,16,7
Aaron Trujillo,0,1
Reynaldo Trujillo,21,19
Abel Trujillo,15,8
Arman Tsarukyan,21,3
Rei Tsuruya,9,0
Chris Tuchscherer,21,4
Jon Tuck,10,5
Gavin Tucker,13,3
Jumabieke Tuerxun,19,4
Tom Tuggle,0,3
Blair Tugman,10,6
Tai Tuivasa,15,6
Zubaira Tukhugov,20,6
Teila Tuli,0,1
Marco Tulio,10,1
Nyamjargal Tumendemberel,8,0
Albert Tumenov,18,4
Ricky Turcios,13,3
Anton Turkalj,8,3
Wellington Turman,18,8
Courtney Turner,0,3
Jalin Turner,14,7
Austin Tweedy,8,2
Marcin Tybura,24,8
Takeru Uchida,6,1
Alberto Uda,12,2
Ryuki Ueyama,12,18
Christian Uflacker,5,0
Andy Uhrich,11,6
Tagir Ulanbekov,15,2
Carlos Ulberg,10,1
Gasan Umalatov,17,4
Jeremy Umphries,5,2
Zach Underwood,13,7
Caol Uno,33,19
Kengo Ura,14,12
Logan Urban,5,1
Hector Urbina,17,10
Elias Urbina,3,1
Gilbert Urbina,7,4
Nick Urso,10,3
Yasuhiro Urushitani,21,8
Sho Patrick Usami,4,1
Kamaru Usman,20,4
Mohammed Usman,11,2
Darren Uyenoyama,10,6
Richie Vaculik,10,4
Egidijus Valavicius,29,12
Genaro Valdez,10,3
Charlie Valencia,12,7
Victor Valenzuela,13,6
Ivan Valenzuela,8,2
Timur Valiev,18,3
Victor Valimaki,18,10
Andrew Valladerez,5,7
Kevin Vallejos,11,1
Isaac Vallie-Flagg,16,7
Joshua Van,10,1
Mike van Arsdale,8,5
Matt Van Buren,7,6
Ron van Clief,0,1
Lloyd Van Dams,0,1
Cameron VanCamp,15,7
Chad Vance,7,5
Jared Vanderaa,12,10
Austin Vanderford,4,0
Lando Vannata,12,7
Paige VanZant,8,5
Paul Varelans,9,9
Kazula Vargas,12,5
Jamie Varner,21,11
Guilherme Vasconcelos,9,4
Linton Vassell,18,5
Billy Vaughan,12,17
Yuri Vaulin,0,1
Javier Vazquez,16,5
Manny Vazquez,11,2
Matt Veach,17,5
Joe Vedepo,18,9
Kelly Velasco,2,1
Greg Velasco,6,1
Cain Velasquez,14,3
David Velasquez,10,10
Bojan Velickovic,15,6
Karlos Vemola,17,5
Luigi Vendramini,9,3
Jerrel Venetiaan,4,3
Scott Ventimiglia,14,6
Brandon Vera,15,7
Kerry Vera,2,0
Marlon Vera,23,8
Isis Verbeek,5,2
Ernie Verdicia,0,1
Joe Veres,4,3
Nikolay Veretennikov,9,4
CJ Vergara,12,4
Renato Verissimo,7,5
Bryan Vetell,4,3
Marvin Vettori,19,7
Hugo Viana,8,4
Guilherme Viana,7,3
Polyana Viana,13,7
Vitor Vianna,12,3
James Vick,13,5
Tamires Vidal,7,2
Milton Vieira,13,8
Reginaldo Vieira,13,5
Ketlen Vieira,14,3
Rodolfo Vieira,10,2
Steve Vigneault,12,6
Alejandro Villalobos,17,5
DeMarco Villalona,1,3
Gian Villante,17,14
Ike Villanueva,18,14
Ruben Villareal,22,28
Armando Villarreal,5,2
Pablo Villaseca,12,3
Joey Villasenor,29,10
Danillo Villefort,15,5
Yuri Villefort,10,5
Marcos Vinicius,23,11
Brandon Visher,13,3
Falaniko Vitale,30,11
Cheyanne Vlismas,7,3
Bobby Voelker,19,13
Mateo Vogel,8,3
Alexander Volkanovski,26,4
Jacob Volkmann,19,7
Alexander Volkov,37,10
Jason Von Flue,14,12
Milco Voorn,20,11
Mark Vorgeas,5,3
Igor Vovchanchyn,55,10
James Wade,4,11
Chris Wade,12,3
Neil Wain,13,4
TJ Waldburger,16,9
Chase Waldon,11,2
Andre Walker,1,5
Herschel Walker,2,0
Donny Walker,15,10
Johnny Walker,21,8
Brogan Walker,8,4
Valter Walker,11,0
Ben Wall,8,7
Crafton Wallace,18,6
Rodney Wallace,26,15
Jeremy Wallace,4,6
Randall Wallace,15,6
James Wallace,5,2
Jim Wallhead,29,11
Cory Walmsley,8,2
Richard Walsh,9,5
Patrick Walsh,10,3
Erick Wanderlei,3,3
Dimitiri Wanderley,5,2
Andy Wang,7,8
Sai Wang,20,6
Anying Wang,2,1
Joshua Wang-Kim,5,2
Curt Warburton,13,6
Brennan Ward,14,5
Charlie Ward,3,3
Terrion Ware,17,9
Joe Warren,15,6
Brian Warren,18,17
Merritt Warren,3,3
Idris Wasi,2,14
Kengo Watanabe,8,13
Kazuhisa Watanabe,0,1
Ron Waterman,16,6
Andy Waters,1,2
Dominic Waters,9,5
Trey Waters,8,1
Michelle Waterson-Gomez,18,12
Sam Watford,2,2
Blake Watkins,5,1
Kyle Watson,13,8
Maka Watson,4,2
Walel Watson,14,10
Tom Watson,17,9
Enrique Watson,3,1
Brok Weaver,15,6
Jonavin Webb,9,2
Stephanie Webber,2,2
Royston Wee,4,1
Darian Weeks,5,3
Joshua Weems,11,3
Daniel Weichel,39,9
Chris Weidman,15,7
Mark Weir,21,18
Christian Wellisch,8,5
Jeremiah Wells,12,4
Fabricio Werdum,24,9
Mike Wessel,15,8
Dustin West,6,6
Sheldon Westcott,10,3
Aaron Wetherspoon,9,5
Coty Wheeler,14,5
Vernon White,26,33
Steve White,1,4
Alex White,13,6
Craig White,14,9
Patrik White,9,2
Robert Whiteford,14,4
Mike Whitehead,27,8
Garett Whiteley,7,3
Mitch Whitesel,17,27
Emily Whitmire,4,5
Robert Whittaker,26,7
Josh Wick,12,6
Adam Wieczorek,10,2
Orlando Wiet,1,5
Jonathan Wiezorek,11,2
Justin Wilcox,14,7
Joe Wilk,19,11
Aaron Wilkinson,11,7
Mike Wilkinson,9,4
Rob Wilkinson,11,2
James Wilks,7,4
Tedd Williams,7,1
Pete Williams,12,6
Rubin Williams,0,1
Carter Williams,4,5
Patrick Williams,8,6
Tim Williams,15,5
Jordan Williams,9,6
Cole Williams,11,3
Khaos Williams,14,3
Karl Williams,9,1
Karl Willis,0,5
Justin Willis,8,2
Chris Wilson,18,10
Greg Wilson,2,3
Jonathan Wilson,7,3
Sean Wilson,36,29
Westin Wilson,16,9
Matt Wiman,16,10
Eddie Wineland,24,16
Deron Winn,7,3
Andre Winner,21,11
Eric Wisely,26,9
Keith Wisniewski,28,15
Jason Witt,19,9
Travis Wiuff,75,21
Ray Wizard,0,1
Karolina Wojcik,9,2
Danyelle Wolf,1,1
Brandon Wolff,7,5
Xue Do Won,0,1
Joanne Wood,16,8
Nathaniel Wood,20,6
Val Woodburn,7,2
Tyron Woodley,19,7
Salvador Woods,8,17
Sean Woodson,11,1
Cal Worsham,13,10
Hunter Worsham,7,3
Khama Worthy,16,9
Eric Wray,5,1
Justin Wren,13,2
JW Wright,1,0
Chris Wright,8,5
Jordan Wright,12,5
Marcin Wrzosek,12,4
Wu Yanan,13,6
Wulijiburen,20,9
Wuziazibieke Jiahefu,29,12
Rubens Xavier,5,3
Xiao Long,26,7
Xie Bin,8,4
Jamie Yager,8,4
Eddie Yagin,16,7
Rani Yahya,28,11
Mohammad Yahya,12,4
Alexander Yakovlev,24,10
Keiichiro Yamamiya,45,35
Kenichi Yamamoto,5,12
Yoshihisa Yamamoto,14,25
Atsushi Yamamoto,19,11
Norifumi Yamamoto,18,6
Hiroko Yamanaka,13,3
Goiti Yamauchi,21,3
Takeshi Yamazaki,15,12
Yan Xiaonan,17,3
Petr Yan,16,5
Yan Qihui,11,4
Adam Yandiev,9,1
Adrian Yanez,16,5
Dongi Yang,13,3
Jianping Yang,11,4
Masutatsu Yano,2,4
Emmanuel Yarborough,1,2
Cale Yarbrough,8,3
Tadao Yasuda,2,4
Yoshiaki Yatsu,0,2
Chris Yee,4,6
Yibugele,21,12
Yizha,25,4
Ashley Yoder,8,9
Hirotaka Yokoi,11,5
Kazunori Yokota,25,7
John Yoo,0,1
SangHoon Yoo,8,2
Dong Sik Yoon,9,9
Yoshiyuki Yoshida,18,9
Hidehiko Yoshida,6,8
Kaitlin Young,7,9
Artenus Young,10,12
Trenell Young,11,9
Jason Young,9,6
Shane Young,13,8
Shanna Young,9,6
Besam Yousef,7,4
Han Ten Yun,0,1
Rob Yundt,9,5
Sodiq Yusuff,13,3
Gilbert Yvel,39,16
Luke Zachrich,14,4
Anton Zafir,7,3
Aiemann Zahabi,11,2
Joao Zaiden,10,3
Youssef Zalal,10,5
Elizeu Zaleski dos Santos,24,7
Zach Zane,10,7
Roger Zapata,4,2
Marius Zaromskis,20,9
David Zawada,17,7
Manolo Zecchini,11,4
Joao Zeferino,21,9
Daniel Zellhuber,15,1
Craig Zellner,4,3
Rickson Zenidim,14,2
Roman Zentsov,18,12
Carlos Zevallos,3,4
Zhang Tiequan,15,4
Zhang Lipeng,23,9
Zhang Weili,24,3
Zhang Mingyang,17,6
Dariya Zheleznykova,8,1
Yao Zhikui,2,4
Zhalgas Zhumagulov,14,9
Fares Ziam,15,4
Mike Zichelle,8,4
James Zikic,21,10
Errol Zimmerman,0,1
Cat Zingano,10,4
Igor Zinoviev,4,1
Dave Zitanick,5,7
Alex Zuniga,6,3
George Zuniga,3,1
Allan Zuniga,13,1
Virgil Zwicker,15,6
